project,vuln_commit,v_testname,v_energy_pkg,v_energy_core,v_cycles,v_ipc,fix_commit,f_testname,sourcefile,f_energy_pkg,f_energy_core,f_cycles,f_ipc
openssl,cce3e4adb78a8d3eeb6e0e4efe332fcc5d75f615,ssltest,0,0,0,0,939b4960276b040fc0ed52232238fcc9e2e9ec21,ssltest,ssl/ssl_sess.c,0,0,0,0
openssl,cce3e4adb78a8d3eeb6e0e4efe332fcc5d75f615,ssltest,0,0,0,0,939b4960276b040fc0ed52232238fcc9e2e9ec21,ssltest,ssl/ssl_err.c,0,0,0,0
openssl,cce3e4adb78a8d3eeb6e0e4efe332fcc5d75f615,ssltest,0,0,0,0,939b4960276b040fc0ed52232238fcc9e2e9ec21,ssltest,ssl/s3_clnt.c,0,0,0,0
openssl,2ec4181ba92fc6b828687d2dc47c13dcd35a5d93,ssltest,0,0,0,0,ca989269a2876bae79393bd54c3e72d49975fc75,ssltest,ssl/s3_lib.c,0,0,0,0
openssl,fb4f46763fed3c600db21974577061b611b6fa46,asn1test,0.0045,0.0031,128467,0.9767,cc598f321fbac9c04da5766243ed55d55948637d,asn1test,crypto/asn1/tasn_dec.c,0.0046,0.0032,143801,1.0455
openssl,fb4f46763fed3c600db21974577061b611b6fa46,bntest,15.1200,11.8000,3511257714,2.2429,cc598f321fbac9c04da5766243ed55d55948637d,bntest,crypto/asn1/tasn_dec.c,14.3767,11.2733,3431498908,2.2986
openssl,fb4f46763fed3c600db21974577061b611b6fa46,clienthellotest,0.0306,0.0207,1685882,1.6168,cc598f321fbac9c04da5766243ed55d55948637d,clienthellotest,crypto/asn1/tasn_dec.c,0.0264,0.0180,1409859,1.7926
openssl,fb4f46763fed3c600db21974577061b611b6fa46,dhtest,0.8542,0.6870,189401334,1.7009,cc598f321fbac9c04da5766243ed55d55948637d,dhtest,crypto/asn1/tasn_dec.c,0.6493,0.5089,139131747,1.2462
openssl,fb4f46763fed3c600db21974577061b611b6fa46,dsatest,1.6208,1.2628,333352761,1.1378,cc598f321fbac9c04da5766243ed55d55948637d,dsatest,crypto/asn1/tasn_dec.c,1.5152,1.1896,338469345,1.1753
openssl,fb4f46763fed3c600db21974577061b611b6fa46,ecdhtest,4.1818,3.2891,952690213,2.6831,cc598f321fbac9c04da5766243ed55d55948637d,ecdhtest,crypto/asn1/tasn_dec.c,4.1350,3.2560,953073958,2.6834
openssl,fb4f46763fed3c600db21974577061b611b6fa46,ecdsatest,27.5700,21.3850,6571004605,2.8138,cc598f321fbac9c04da5766243ed55d55948637d,ecdsatest,crypto/asn1/tasn_dec.c,27.5250,21.3700,6527282350,2.8128
openssl,fb4f46763fed3c600db21974577061b611b6fa46,ectest,33.1350,25.4350,8245182543,3.1274,cc598f321fbac9c04da5766243ed55d55948637d,ectest,crypto/asn1/tasn_dec.c,28.6900,22.5050,6871067470,3.3696
openssl,fb4f46763fed3c600db21974577061b611b6fa46,enginetest,0.0622,0.0427,4532382,1.8957,cc598f321fbac9c04da5766243ed55d55948637d,enginetest,crypto/asn1/tasn_dec.c,0.0576,0.0395,3914905,2.0209
openssl,fb4f46763fed3c600db21974577061b611b6fa46,evp_extra_test,0.1146,0.0832,15179540,1.4317,cc598f321fbac9c04da5766243ed55d55948637d,evp_extra_test,crypto/asn1/tasn_dec.c,0.1100,0.0806,14857440,1.5215
openssl,fb4f46763fed3c600db21974577061b611b6fa46,evp_test,0,0,0,0,cc598f321fbac9c04da5766243ed55d55948637d,evp_test,crypto/asn1/tasn_dec.c,0,0,0,0
openssl,fb4f46763fed3c600db21974577061b611b6fa46,exptest,10.9750,8.6400,2510477032,1.3619,cc598f321fbac9c04da5766243ed55d55948637d,exptest,crypto/asn1/tasn_dec.c,10.3900,8.1275,2394230878,1.3664
openssl,fb4f46763fed3c600db21974577061b611b6fa46,hmactest,0.0069,0.0046,248381,0.9240,cc598f321fbac9c04da5766243ed55d55948637d,hmactest,crypto/asn1/tasn_dec.c,0.0059,0.0040,141112,1.0176
openssl,fb4f46763fed3c600db21974577061b611b6fa46,igetest,0.0311,0.0227,2780174,2.3408,cc598f321fbac9c04da5766243ed55d55948637d,igetest,crypto/asn1/tasn_dec.c,0.0213,0.0146,900018,2.9442
openssl,fb4f46763fed3c600db21974577061b611b6fa46,md4test,0.0058,0.0039,181556,0.8405,cc598f321fbac9c04da5766243ed55d55948637d,md4test,crypto/asn1/tasn_dec.c,0.0057,0.0039,150755,1.0738
openssl,fb4f46763fed3c600db21974577061b611b6fa46,md5test,0.0124,0.0098,1769839,1.8079,cc598f321fbac9c04da5766243ed55d55948637d,md5test,crypto/asn1/tasn_dec.c,0.0053,0.0035,107523,1.0438
openssl,fb4f46763fed3c600db21974577061b611b6fa46,mdc2test,0.0062,0.0042,264111,0.5922,cc598f321fbac9c04da5766243ed55d55948637d,mdc2test,crypto/asn1/tasn_dec.c,0.0054,0.0037,189831,1.0121
openssl,fb4f46763fed3c600db21974577061b611b6fa46,randtest,0.0120,0.0081,544717,1.0522,cc598f321fbac9c04da5766243ed55d55948637d,randtest,crypto/asn1/tasn_dec.c,0.0103,0.0070,319941,1.2304
openssl,fb4f46763fed3c600db21974577061b611b6fa46,rmdtest,0.0057,0.0038,148315,0.9964,cc598f321fbac9c04da5766243ed55d55948637d,rmdtest,crypto/asn1/tasn_dec.c,0.0056,0.0038,140660,1.0106
openssl,fb4f46763fed3c600db21974577061b611b6fa46,rsa_test,28.2250,22.3050,6577693694,1.1853,cc598f321fbac9c04da5766243ed55d55948637d,rsa_test,crypto/asn1/tasn_dec.c,28.7700,22.8450,6580140224,1.1851
openssl,fb4f46763fed3c600db21974577061b611b6fa46,sha1test,0.0495,0.0365,4527640,3.1620,cc598f321fbac9c04da5766243ed55d55948637d,sha1test,crypto/asn1/tasn_dec.c,0.0327,0.0224,2112295,3.4198
openssl,fb4f46763fed3c600db21974577061b611b6fa46,shatest,0.0336,0.0227,2084165,3.2400,cc598f321fbac9c04da5766243ed55d55948637d,shatest,crypto/asn1/tasn_dec.c,0.0313,0.0213,1998990,3.5128
openssl,fb4f46763fed3c600db21974577061b611b6fa46,srptest,0.5560,0.4320,108498999,1.2397,cc598f321fbac9c04da5766243ed55d55948637d,srptest,crypto/asn1/tasn_dec.c,0.4677,0.3661,95072295,1.1884
openssl,fb4f46763fed3c600db21974577061b611b6fa46,ssltest,0,0,0,0,cc598f321fbac9c04da5766243ed55d55948637d,ssltest,crypto/asn1/tasn_dec.c,0,0,0,0
openssl,fb4f46763fed3c600db21974577061b611b6fa46,v3nametest,0.3482,0.2703,68515339,3.2051,cc598f321fbac9c04da5766243ed55d55948637d,v3nametest,crypto/asn1/tasn_dec.c,0.3528,0.2751,69616113,3.1483
openssl,fb4f46763fed3c600db21974577061b611b6fa46,verify_extra_test,0,0,0,0,cc598f321fbac9c04da5766243ed55d55948637d,verify_extra_test,crypto/asn1/tasn_dec.c,0,0,0,0
openssl,b29ffa392e839d05171206523e84909146f7a77c,bntest,14.4733,11.2600,3456026877,2.2942,d8541d7e9e63bf5f343af24644046c8d96498c17,bntest,crypto/rsa/rsa_ameth.c,14.2167,11.1600,3382862664,2.3112
openssl,b29ffa392e839d05171206523e84909146f7a77c,clienthellotest,0.0281,0.0194,1441212,1.6687,d8541d7e9e63bf5f343af24644046c8d96498c17,clienthellotest,crypto/rsa/rsa_ameth.c,0.0267,0.0181,1471912,1.6535
openssl,b29ffa392e839d05171206523e84909146f7a77c,dhtest,0.0552,0.0383,3884131,2.4816,d8541d7e9e63bf5f343af24644046c8d96498c17,dhtest,crypto/rsa/rsa_ameth.c,0.0581,0.0411,5275581,2.4356
openssl,b29ffa392e839d05171206523e84909146f7a77c,dsatest,1.5404,1.2200,338681699,1.1687,d8541d7e9e63bf5f343af24644046c8d96498c17,dsatest,crypto/rsa/rsa_ameth.c,1.5404,1.2230,334745383,1.1694
openssl,b29ffa392e839d05171206523e84909146f7a77c,ecdhtest,2.5876,2.0312,588487708,3.5275,d8541d7e9e63bf5f343af24644046c8d96498c17,ecdhtest,crypto/rsa/rsa_ameth.c,2.5576,2.0124,578479265,3.5736
openssl,b29ffa392e839d05171206523e84909146f7a77c,ecdsatest,17.0133,13.2267,3953229130,3.6586,d8541d7e9e63bf5f343af24644046c8d96498c17,ecdsatest,crypto/rsa/rsa_ameth.c,17.1667,13.3433,4080409103,3.6154
openssl,b29ffa392e839d05171206523e84909146f7a77c,ectest,28.3600,22.1750,6634050452,3.4240,d8541d7e9e63bf5f343af24644046c8d96498c17,ectest,crypto/rsa/rsa_ameth.c,28.4500,22.4750,6627250704,3.4440
openssl,b29ffa392e839d05171206523e84909146f7a77c,enginetest,0.0572,0.0396,3956946,2.0459,d8541d7e9e63bf5f343af24644046c8d96498c17,enginetest,crypto/rsa/rsa_ameth.c,0.0565,0.0387,3527138,1.9402
openssl,b29ffa392e839d05171206523e84909146f7a77c,evp_extra_test,0.1039,0.0744,11217810,1.4592,d8541d7e9e63bf5f343af24644046c8d96498c17,evp_extra_test,crypto/rsa/rsa_ameth.c,0.1067,0.0783,14298595,1.4493
openssl,b29ffa392e839d05171206523e84909146f7a77c,evp_test,0,0,0,0,d8541d7e9e63bf5f343af24644046c8d96498c17,evp_test,crypto/rsa/rsa_ameth.c,0,0,0,0
openssl,b29ffa392e839d05171206523e84909146f7a77c,exptest,10.4260,8.0980,2487298731,1.3637,d8541d7e9e63bf5f343af24644046c8d96498c17,exptest,crypto/rsa/rsa_ameth.c,10.7750,8.4850,2454236535,1.3584
openssl,b29ffa392e839d05171206523e84909146f7a77c,hmactest,0.0062,0.0043,185332,1.1146,d8541d7e9e63bf5f343af24644046c8d96498c17,hmactest,crypto/rsa/rsa_ameth.c,0.0060,0.0041,161354,1.0443
openssl,b29ffa392e839d05171206523e84909146f7a77c,igetest,0.0207,0.0142,1012098,3.1379,d8541d7e9e63bf5f343af24644046c8d96498c17,igetest,crypto/rsa/rsa_ameth.c,0.0211,0.0145,891322,3.0134
openssl,b29ffa392e839d05171206523e84909146f7a77c,md4test,0.0056,0.0038,181133,0.9780,d8541d7e9e63bf5f343af24644046c8d96498c17,md4test,crypto/rsa/rsa_ameth.c,0.0057,0.0039,160736,1.0724
openssl,b29ffa392e839d05171206523e84909146f7a77c,md5test,0.0054,0.0037,132582,1.0271,d8541d7e9e63bf5f343af24644046c8d96498c17,md5test,crypto/rsa/rsa_ameth.c,0.0053,0.0036,138319,0.9907
openssl,b29ffa392e839d05171206523e84909146f7a77c,mdc2test,0.0053,0.0036,155170,0.9864,d8541d7e9e63bf5f343af24644046c8d96498c17,mdc2test,crypto/rsa/rsa_ameth.c,0.0050,0.0033,123988,0.9578
openssl,b29ffa392e839d05171206523e84909146f7a77c,randtest,0.0103,0.0070,307443,1.2322,d8541d7e9e63bf5f343af24644046c8d96498c17,randtest,crypto/rsa/rsa_ameth.c,0.0090,0.0059,259099,1.2650
openssl,b29ffa392e839d05171206523e84909146f7a77c,rmdtest,0.0053,0.0036,132933,0.9675,d8541d7e9e63bf5f343af24644046c8d96498c17,rmdtest,crypto/rsa/rsa_ameth.c,0.0053,0.0035,126888,0.9257
openssl,b29ffa392e839d05171206523e84909146f7a77c,rsa_test,27.8050,22.0700,6417410306,1.1977,d8541d7e9e63bf5f343af24644046c8d96498c17,rsa_test,crypto/rsa/rsa_ameth.c,28.7800,23.2050,6435384538,1.1986
openssl,b29ffa392e839d05171206523e84909146f7a77c,sha1test,0.0324,0.0221,2049039,3.6531,d8541d7e9e63bf5f343af24644046c8d96498c17,sha1test,crypto/rsa/rsa_ameth.c,0.0322,0.0219,1890075,3.6733
openssl,b29ffa392e839d05171206523e84909146f7a77c,shatest,0.0324,0.0219,1955817,3.2014,d8541d7e9e63bf5f343af24644046c8d96498c17,shatest,crypto/rsa/rsa_ameth.c,0.0317,0.0213,1839605,3.4887
openssl,b29ffa392e839d05171206523e84909146f7a77c,srptest,0.4694,0.3665,95750835,1.1944,d8541d7e9e63bf5f343af24644046c8d96498c17,srptest,crypto/rsa/rsa_ameth.c,0.4651,0.3641,94585919,1.1970
openssl,b29ffa392e839d05171206523e84909146f7a77c,ssltest,0,0,0,0,d8541d7e9e63bf5f343af24644046c8d96498c17,ssltest,crypto/rsa/rsa_ameth.c,0,0,0,0
openssl,b29ffa392e839d05171206523e84909146f7a77c,verify_extra_test,0,0,0,0,d8541d7e9e63bf5f343af24644046c8d96498c17,verify_extra_test,crypto/rsa/rsa_ameth.c,0,0,0,0
openssl,d73cc256c8e256c32ed959456101b73ba9842f72,bntest,15.1000,11.9700,3520085201,2.2668,c394a488942387246653833359a5c94b5832674e,bntest,crypto/rsa/rsa_ameth.c,14.2433,11.2167,3382220570,2.3252
openssl,d73cc256c8e256c32ed959456101b73ba9842f72,clienthellotest,0.0266,0.0181,1416215,1.7617,c394a488942387246653833359a5c94b5832674e,clienthellotest,crypto/rsa/rsa_ameth.c,0.0267,0.0181,1225907,1.7185
openssl,d73cc256c8e256c32ed959456101b73ba9842f72,dhtest,0.6603,0.5195,139284834,1.2589,c394a488942387246653833359a5c94b5832674e,dhtest,crypto/rsa/rsa_ameth.c,0.6650,0.5266,142860879,1.2621
openssl,d73cc256c8e256c32ed959456101b73ba9842f72,dsatest,1.4861,1.1632,344428398,1.1836,c394a488942387246653833359a5c94b5832674e,dsatest,crypto/rsa/rsa_ameth.c,1.5111,1.1911,336569374,1.1702
openssl,d73cc256c8e256c32ed959456101b73ba9842f72,ecdhtest,4.1950,3.3250,949006640,2.6883,c394a488942387246653833359a5c94b5832674e,ecdhtest,crypto/rsa/rsa_ameth.c,4.1880,3.3150,934686083,2.6976
openssl,d73cc256c8e256c32ed959456101b73ba9842f72,ecdsatest,27.7250,21.7200,6581305052,2.8138,c394a488942387246653833359a5c94b5832674e,ecdsatest,crypto/rsa/rsa_ameth.c,27.9900,21.7400,6660808776,2.7859
openssl,d73cc256c8e256c32ed959456101b73ba9842f72,ectest,29.7250,23.5200,6899645076,3.3552,c394a488942387246653833359a5c94b5832674e,ectest,crypto/rsa/rsa_ameth.c,28.8250,22.3800,6940577454,3.3506
openssl,d73cc256c8e256c32ed959456101b73ba9842f72,enginetest,0.0591,0.0414,4244841,1.9734,c394a488942387246653833359a5c94b5832674e,enginetest,crypto/rsa/rsa_ameth.c,0.0598,0.0423,5198529,2.1527
openssl,d73cc256c8e256c32ed959456101b73ba9842f72,evp_extra_test,0.1061,0.0771,12428877,1.5022,c394a488942387246653833359a5c94b5832674e,evp_extra_test,crypto/rsa/rsa_ameth.c,0.1112,0.0838,17898609,1.4963
openssl,d73cc256c8e256c32ed959456101b73ba9842f72,evp_test,0,0,0,0,c394a488942387246653833359a5c94b5832674e,evp_test,crypto/rsa/rsa_ameth.c,0,0,0,0
openssl,d73cc256c8e256c32ed959456101b73ba9842f72,exptest,10.5375,8.3300,2408428832,1.3610,c394a488942387246653833359a5c94b5832674e,exptest,crypto/rsa/rsa_ameth.c,10.2900,8.0550,2406335162,1.3718
openssl,d73cc256c8e256c32ed959456101b73ba9842f72,hmactest,0.0062,0.0043,181609,1.1388,c394a488942387246653833359a5c94b5832674e,hmactest,crypto/rsa/rsa_ameth.c,0.0059,0.0040,152446,1.0513
openssl,d73cc256c8e256c32ed959456101b73ba9842f72,igetest,0.0213,0.0147,1006622,3.1354,c394a488942387246653833359a5c94b5832674e,igetest,crypto/rsa/rsa_ameth.c,0.0210,0.0145,919299,3.1687
openssl,d73cc256c8e256c32ed959456101b73ba9842f72,md4test,0.0052,0.0035,137409,1.0012,c394a488942387246653833359a5c94b5832674e,md4test,crypto/rsa/rsa_ameth.c,0.0056,0.0038,164714,1.0505
openssl,d73cc256c8e256c32ed959456101b73ba9842f72,md5test,0.0055,0.0037,140012,1.0173,c394a488942387246653833359a5c94b5832674e,md5test,crypto/rsa/rsa_ameth.c,0.0055,0.0038,151370,1.1061
openssl,d73cc256c8e256c32ed959456101b73ba9842f72,mdc2test,0.0051,0.0034,129092,0.9855,c394a488942387246653833359a5c94b5832674e,mdc2test,crypto/rsa/rsa_ameth.c,0.0051,0.0034,117824,0.9970
openssl,d73cc256c8e256c32ed959456101b73ba9842f72,randtest,0.0105,0.0071,327098,1.2440,c394a488942387246653833359a5c94b5832674e,randtest,crypto/rsa/rsa_ameth.c,0.0102,0.0070,308757,1.2775
openssl,d73cc256c8e256c32ed959456101b73ba9842f72,rmdtest,0.0056,0.0037,137827,0.9763,c394a488942387246653833359a5c94b5832674e,rmdtest,crypto/rsa/rsa_ameth.c,0.0056,0.0038,135972,1.0272
openssl,d73cc256c8e256c32ed959456101b73ba9842f72,rsa_test,29.1350,23.4000,6543032771,1.1860,c394a488942387246653833359a5c94b5832674e,rsa_test,crypto/rsa/rsa_ameth.c,28.7850,22.9200,6582212160,1.1880
openssl,d73cc256c8e256c32ed959456101b73ba9842f72,sha1test,0.0325,0.0220,1884693,3.5271,c394a488942387246653833359a5c94b5832674e,sha1test,crypto/rsa/rsa_ameth.c,0.0321,0.0218,1754006,3.6325
openssl,d73cc256c8e256c32ed959456101b73ba9842f72,shatest,0.0319,0.0214,1678083,3.2374,c394a488942387246653833359a5c94b5832674e,shatest,crypto/rsa/rsa_ameth.c,0.0326,0.0221,1991611,3.1599
openssl,d73cc256c8e256c32ed959456101b73ba9842f72,srptest,0.4689,0.3686,96768403,1.1962,c394a488942387246653833359a5c94b5832674e,srptest,crypto/rsa/rsa_ameth.c,0.4673,0.3670,94196936,1.1894
openssl,d73cc256c8e256c32ed959456101b73ba9842f72,ssltest,0,0,0,0,c394a488942387246653833359a5c94b5832674e,ssltest,crypto/rsa/rsa_ameth.c,0,0,0,0
openssl,d73cc256c8e256c32ed959456101b73ba9842f72,v3nametest,0.3634,0.2849,68281421,3.1306,c394a488942387246653833359a5c94b5832674e,v3nametest,crypto/rsa/rsa_ameth.c,0.3562,0.2803,69727574,3.2299
openssl,d73cc256c8e256c32ed959456101b73ba9842f72,verify_extra_test,0,0,0,0,c394a488942387246653833359a5c94b5832674e,verify_extra_test,crypto/rsa/rsa_ameth.c,0,0,0,0
openssl,cb6e0ed17a61ae3711d385f517d61be2b4c33a55,bntest,13.6367,10.6067,3309312533,2.3327,9a0db453ba017ebcaccbee933ee6511a9ae4d1c8,bntest,crypto/x509/x509_vfy.c,13.8267,10.7733,3347750548,2.3192
openssl,cb6e0ed17a61ae3711d385f517d61be2b4c33a55,dhtest,0.0574,0.0404,4933372,2.4359,9a0db453ba017ebcaccbee933ee6511a9ae4d1c8,dhtest,crypto/x509/x509_vfy.c,0.0571,0.0401,4842711,2.4967
openssl,cb6e0ed17a61ae3711d385f517d61be2b4c33a55,dsatest,1.5221,1.1982,338821134,1.1713,9a0db453ba017ebcaccbee933ee6511a9ae4d1c8,dsatest,crypto/x509/x509_vfy.c,1.6061,1.2768,346536862,1.2069
openssl,cb6e0ed17a61ae3711d385f517d61be2b4c33a55,ecdhtest,2.5780,2.0327,589824121,3.5307,9a0db453ba017ebcaccbee933ee6511a9ae4d1c8,ecdhtest,crypto/x509/x509_vfy.c,2.5144,1.9688,582352359,3.5634
openssl,cb6e0ed17a61ae3711d385f517d61be2b4c33a55,ecdsatest,17.1933,13.3967,4040801632,3.6303,9a0db453ba017ebcaccbee933ee6511a9ae4d1c8,ecdsatest,crypto/x509/x509_vfy.c,16.5467,12.6767,4014178184,3.6601
openssl,cb6e0ed17a61ae3711d385f517d61be2b4c33a55,ectest,27.7350,21.6800,6591033346,3.4642,9a0db453ba017ebcaccbee933ee6511a9ae4d1c8,ectest,crypto/x509/x509_vfy.c,27.9500,21.9150,6585618320,3.4566
openssl,cb6e0ed17a61ae3711d385f517d61be2b4c33a55,enginetest,0.0562,0.0391,3920125,2.1113,9a0db453ba017ebcaccbee933ee6511a9ae4d1c8,enginetest,crypto/x509/x509_vfy.c,0.0569,0.0393,4043611,2.0477
openssl,cb6e0ed17a61ae3711d385f517d61be2b4c33a55,evp_extra_test,0.1078,0.0789,14218833,1.4719,9a0db453ba017ebcaccbee933ee6511a9ae4d1c8,evp_extra_test,crypto/x509/x509_vfy.c,0.1124,0.0821,16440786,1.4257
openssl,cb6e0ed17a61ae3711d385f517d61be2b4c33a55,evp_test,0,0,0,0,9a0db453ba017ebcaccbee933ee6511a9ae4d1c8,evp_test,crypto/x509/x509_vfy.c,0,0,0,0
openssl,cb6e0ed17a61ae3711d385f517d61be2b4c33a55,exptest,11.4225,9.0025,2629358420,1.3304,9a0db453ba017ebcaccbee933ee6511a9ae4d1c8,exptest,crypto/x509/x509_vfy.c,10.8025,8.5550,2504082076,1.3515
openssl,cb6e0ed17a61ae3711d385f517d61be2b4c33a55,hmactest,0.0063,0.0043,166552,1.1170,9a0db453ba017ebcaccbee933ee6511a9ae4d1c8,hmactest,crypto/x509/x509_vfy.c,0.0059,0.0039,150699,0.9874
openssl,cb6e0ed17a61ae3711d385f517d61be2b4c33a55,igetest,0.0217,0.0150,876216,2.9663,9a0db453ba017ebcaccbee933ee6511a9ae4d1c8,igetest,crypto/x509/x509_vfy.c,0.0199,0.0136,888155,3.1378
openssl,cb6e0ed17a61ae3711d385f517d61be2b4c33a55,md4test,0.0053,0.0035,132817,1.0134,9a0db453ba017ebcaccbee933ee6511a9ae4d1c8,md4test,crypto/x509/x509_vfy.c,0.0051,0.0034,126586,0.9077
openssl,cb6e0ed17a61ae3711d385f517d61be2b4c33a55,md5test,0.0054,0.0037,145932,1.0148,9a0db453ba017ebcaccbee933ee6511a9ae4d1c8,md5test,crypto/x509/x509_vfy.c,0.0054,0.0036,125080,1.0027
openssl,cb6e0ed17a61ae3711d385f517d61be2b4c33a55,mdc2test,0.0053,0.0035,137728,1.0164,9a0db453ba017ebcaccbee933ee6511a9ae4d1c8,mdc2test,crypto/x509/x509_vfy.c,0.0052,0.0036,142534,1.0507
openssl,cb6e0ed17a61ae3711d385f517d61be2b4c33a55,randtest,0.0092,0.0061,275396,1.2315,9a0db453ba017ebcaccbee933ee6511a9ae4d1c8,randtest,crypto/x509/x509_vfy.c,0.0105,0.0072,338700,1.2369
openssl,cb6e0ed17a61ae3711d385f517d61be2b4c33a55,rmdtest,0.0051,0.0034,106374,0.9003,9a0db453ba017ebcaccbee933ee6511a9ae4d1c8,rmdtest,crypto/x509/x509_vfy.c,0.0058,0.0040,163113,1.0794
openssl,cb6e0ed17a61ae3711d385f517d61be2b4c33a55,rsa_test,5.2978,4.2022,1196481129,2.8625,9a0db453ba017ebcaccbee933ee6511a9ae4d1c8,rsa_test,crypto/x509/x509_vfy.c,5.3900,4.2833,1214577530,2.8429
openssl,cb6e0ed17a61ae3711d385f517d61be2b4c33a55,sha1test,0.0335,0.0228,2183614,3.4839,9a0db453ba017ebcaccbee933ee6511a9ae4d1c8,sha1test,crypto/x509/x509_vfy.c,0.0324,0.0220,2012884,3.6178
openssl,cb6e0ed17a61ae3711d385f517d61be2b4c33a55,shatest,0.0320,0.0216,1760556,3.3701,9a0db453ba017ebcaccbee933ee6511a9ae4d1c8,shatest,crypto/x509/x509_vfy.c,0.0323,0.0218,1886744,3.1241
openssl,cb6e0ed17a61ae3711d385f517d61be2b4c33a55,srptest,0.4682,0.3725,95774581,1.2179,9a0db453ba017ebcaccbee933ee6511a9ae4d1c8,srptest,crypto/x509/x509_vfy.c,0.4713,0.3747,96973417,1.2212
openssl,cb6e0ed17a61ae3711d385f517d61be2b4c33a55,ssltest,0,0,0,0,9a0db453ba017ebcaccbee933ee6511a9ae4d1c8,ssltest,crypto/x509/x509_vfy.c,0,0,0,0
openssl,014265eb02e26f35c8db58e2ccbf100b0b2f0072,bntest,14.4667,11.3333,3419290035,2.2664,62e4506a7d4cec1c8e1ff687f6b220f6a62a57c7,bntest,crypto/asn1/a_verify.c,13.4433,10.5433,3189609284,2.3531
openssl,014265eb02e26f35c8db58e2ccbf100b0b2f0072,dhtest,0.0573,0.0409,5331983,2.5688,62e4506a7d4cec1c8e1ff687f6b220f6a62a57c7,dhtest,crypto/asn1/a_verify.c,0.0567,0.0397,4519211,2.5119
openssl,014265eb02e26f35c8db58e2ccbf100b0b2f0072,dsatest,1.5493,1.2139,334830645,1.1567,62e4506a7d4cec1c8e1ff687f6b220f6a62a57c7,dsatest,crypto/asn1/a_verify.c,1.5143,1.1907,340811033,1.1663
openssl,014265eb02e26f35c8db58e2ccbf100b0b2f0072,ecdhtest,2.6307,2.0633,594065251,3.4475,62e4506a7d4cec1c8e1ff687f6b220f6a62a57c7,ecdhtest,crypto/asn1/a_verify.c,2.5500,1.9756,593039078,3.4824
openssl,014265eb02e26f35c8db58e2ccbf100b0b2f0072,ecdsatest,16.7633,12.6933,4012063848,3.6229,62e4506a7d4cec1c8e1ff687f6b220f6a62a57c7,ecdsatest,crypto/asn1/a_verify.c,16.8000,12.9533,4003062014,3.6302
openssl,014265eb02e26f35c8db58e2ccbf100b0b2f0072,ectest,10.8950,8.5025,2558324332,3.2802,62e4506a7d4cec1c8e1ff687f6b220f6a62a57c7,ectest,crypto/asn1/a_verify.c,10.8525,8.5925,2494113585,3.3659
openssl,014265eb02e26f35c8db58e2ccbf100b0b2f0072,enginetest,0.0570,0.0392,3685726,2.0726,62e4506a7d4cec1c8e1ff687f6b220f6a62a57c7,enginetest,crypto/asn1/a_verify.c,0.0558,0.0385,3714126,2.0690
openssl,014265eb02e26f35c8db58e2ccbf100b0b2f0072,evp_test,0,0,0,0,62e4506a7d4cec1c8e1ff687f6b220f6a62a57c7,evp_test,crypto/asn1/a_verify.c,0,0,0,0
openssl,014265eb02e26f35c8db58e2ccbf100b0b2f0072,exptest,10.5325,8.2150,2396110944,1.3614,62e4506a7d4cec1c8e1ff687f6b220f6a62a57c7,exptest,crypto/asn1/a_verify.c,10.8100,8.4750,2528793564,1.3466
openssl,014265eb02e26f35c8db58e2ccbf100b0b2f0072,hmactest,0.0056,0.0038,152772,1.0945,62e4506a7d4cec1c8e1ff687f6b220f6a62a57c7,hmactest,crypto/asn1/a_verify.c,0.0057,0.0040,166705,1.0566
openssl,014265eb02e26f35c8db58e2ccbf100b0b2f0072,igetest,0.0210,0.0144,841601,3.0624,62e4506a7d4cec1c8e1ff687f6b220f6a62a57c7,igetest,crypto/asn1/a_verify.c,0.0211,0.0145,965596,3.0618
openssl,014265eb02e26f35c8db58e2ccbf100b0b2f0072,md4test,0.0052,0.0035,128256,0.9910,62e4506a7d4cec1c8e1ff687f6b220f6a62a57c7,md4test,crypto/asn1/a_verify.c,0.0056,0.0039,164075,1.1044
openssl,014265eb02e26f35c8db58e2ccbf100b0b2f0072,md5test,0.0055,0.0036,133779,1.0577,62e4506a7d4cec1c8e1ff687f6b220f6a62a57c7,md5test,crypto/asn1/a_verify.c,0.0055,0.0037,146860,1.0620
openssl,014265eb02e26f35c8db58e2ccbf100b0b2f0072,mdc2test,0.0051,0.0034,112977,0.9306,62e4506a7d4cec1c8e1ff687f6b220f6a62a57c7,mdc2test,crypto/asn1/a_verify.c,0.0052,0.0036,145799,1.0752
openssl,014265eb02e26f35c8db58e2ccbf100b0b2f0072,randtest,0.0092,0.0061,288594,1.1722,62e4506a7d4cec1c8e1ff687f6b220f6a62a57c7,randtest,crypto/asn1/a_verify.c,0.0090,0.0059,270693,1.2882
openssl,014265eb02e26f35c8db58e2ccbf100b0b2f0072,rmdtest,0.0060,0.0040,171357,1.0024,62e4506a7d4cec1c8e1ff687f6b220f6a62a57c7,rmdtest,crypto/asn1/a_verify.c,0.0056,0.0038,147119,1.0514
openssl,014265eb02e26f35c8db58e2ccbf100b0b2f0072,rsa_test,5.3178,4.1956,1216248471,2.8791,62e4506a7d4cec1c8e1ff687f6b220f6a62a57c7,rsa_test,crypto/asn1/a_verify.c,5.0011,3.9178,1154525673,2.9763
openssl,014265eb02e26f35c8db58e2ccbf100b0b2f0072,sha1test,0.0339,0.0230,2188097,3.1607,62e4506a7d4cec1c8e1ff687f6b220f6a62a57c7,sha1test,crypto/asn1/a_verify.c,0.0324,0.0221,2045225,3.6254
openssl,014265eb02e26f35c8db58e2ccbf100b0b2f0072,shatest,0.0317,0.0215,1871012,3.4138,62e4506a7d4cec1c8e1ff687f6b220f6a62a57c7,shatest,crypto/asn1/a_verify.c,0.0344,0.0236,2295566,3.1189
openssl,014265eb02e26f35c8db58e2ccbf100b0b2f0072,srptest,0.4667,0.3631,90391109,1.1903,62e4506a7d4cec1c8e1ff687f6b220f6a62a57c7,srptest,crypto/asn1/a_verify.c,0.4651,0.3658,98348609,1.2047
openssl,014265eb02e26f35c8db58e2ccbf100b0b2f0072,ssltest,0,0,0,0,62e4506a7d4cec1c8e1ff687f6b220f6a62a57c7,ssltest,crypto/asn1/a_verify.c,0,0,0,0
openssl,dd2dee60f343a28cd93e065c7dae7619885515ff,evp_test,0,0,0,0,66e8211c0b1347970096e04b18aa52567c325200,evp_test,crypto/asn1/a_verify.c,0,0,0,0
openssl,dd2dee60f343a28cd93e065c7dae7619885515ff,ssltest,0,0,0,0,66e8211c0b1347970096e04b18aa52567c325200,ssltest,crypto/asn1/a_verify.c,0,0,0,0
openssl,1dfa62d4c871a9007904812e06bdddb2d530ff64,bntest,14.0800,11.0333,3351565038,2.3004,ebc71865f0506a293242bd4aec97cdc7a8ef24b0,bntest,crypto/asn1/a_verify.c,14.9425,11.8100,3522330261,2.2427
openssl,1dfa62d4c871a9007904812e06bdddb2d530ff64,dhtest,0.0572,0.0402,4873503,2.3746,ebc71865f0506a293242bd4aec97cdc7a8ef24b0,dhtest,crypto/asn1/a_verify.c,0.0575,0.0408,5151797,2.5369
openssl,1dfa62d4c871a9007904812e06bdddb2d530ff64,dsatest,1.5326,1.2078,345572776,1.1394,ebc71865f0506a293242bd4aec97cdc7a8ef24b0,dsatest,crypto/asn1/a_verify.c,1.5700,1.2474,346407769,1.1427
openssl,1dfa62d4c871a9007904812e06bdddb2d530ff64,ecdhtest,2.6027,2.0393,596551505,3.5450,ebc71865f0506a293242bd4aec97cdc7a8ef24b0,ecdhtest,crypto/asn1/a_verify.c,2.5831,2.0263,587578233,3.5619
openssl,1dfa62d4c871a9007904812e06bdddb2d530ff64,ecdsatest,17.1933,13.3000,4134163703,3.5936,ebc71865f0506a293242bd4aec97cdc7a8ef24b0,ecdsatest,crypto/asn1/a_verify.c,17.6733,13.8700,4104331671,3.6095
openssl,1dfa62d4c871a9007904812e06bdddb2d530ff64,ectest,16.8667,13.2800,3937747875,2.9855,ebc71865f0506a293242bd4aec97cdc7a8ef24b0,ectest,crypto/asn1/a_verify.c,17.0767,13.5000,3949057194,2.9700
openssl,1dfa62d4c871a9007904812e06bdddb2d530ff64,enginetest,0.0551,0.0375,3111051,1.9323,ebc71865f0506a293242bd4aec97cdc7a8ef24b0,enginetest,crypto/asn1/a_verify.c,0.0553,0.0382,3603558,2.0324
openssl,1dfa62d4c871a9007904812e06bdddb2d530ff64,evp_test,0,0,0,0,ebc71865f0506a293242bd4aec97cdc7a8ef24b0,evp_test,crypto/asn1/a_verify.c,0,0,0,0
openssl,1dfa62d4c871a9007904812e06bdddb2d530ff64,exptest,10.5000,8.3100,2396066719,1.3480,ebc71865f0506a293242bd4aec97cdc7a8ef24b0,exptest,crypto/asn1/a_verify.c,10.8725,8.5675,2510241197,1.3424
openssl,1dfa62d4c871a9007904812e06bdddb2d530ff64,hmactest,0.0059,0.0041,163259,1.0811,ebc71865f0506a293242bd4aec97cdc7a8ef24b0,hmactest,crypto/asn1/a_verify.c,0.0053,0.0036,129642,1.0250
openssl,1dfa62d4c871a9007904812e06bdddb2d530ff64,igetest,0.0210,0.0145,814575,3.0387,ebc71865f0506a293242bd4aec97cdc7a8ef24b0,igetest,crypto/asn1/a_verify.c,0.0198,0.0136,1092850,3.5232
openssl,1dfa62d4c871a9007904812e06bdddb2d530ff64,md4test,0.0057,0.0039,157227,1.0998,ebc71865f0506a293242bd4aec97cdc7a8ef24b0,md4test,crypto/asn1/a_verify.c,0.0054,0.0036,131947,1.0653
openssl,1dfa62d4c871a9007904812e06bdddb2d530ff64,md5test,0.0055,0.0038,166895,1.0559,ebc71865f0506a293242bd4aec97cdc7a8ef24b0,md5test,crypto/asn1/a_verify.c,0.0054,0.0037,151222,1.0592
openssl,1dfa62d4c871a9007904812e06bdddb2d530ff64,mdc2test,0.0053,0.0036,131479,1.0595,ebc71865f0506a293242bd4aec97cdc7a8ef24b0,mdc2test,crypto/asn1/a_verify.c,0.0049,0.0032,104244,0.9535
openssl,1dfa62d4c871a9007904812e06bdddb2d530ff64,randtest,0.0091,0.0061,333273,1.2638,ebc71865f0506a293242bd4aec97cdc7a8ef24b0,randtest,crypto/asn1/a_verify.c,0.0102,0.0069,310984,1.2229
openssl,1dfa62d4c871a9007904812e06bdddb2d530ff64,rmdtest,0.0057,0.0038,137327,1.0201,ebc71865f0506a293242bd4aec97cdc7a8ef24b0,rmdtest,crypto/asn1/a_verify.c,0.0053,0.0036,140294,1.0231
openssl,1dfa62d4c871a9007904812e06bdddb2d530ff64,rsa_test,5.0833,4.0133,1151330843,2.9593,ebc71865f0506a293242bd4aec97cdc7a8ef24b0,rsa_test,crypto/asn1/a_verify.c,5.1922,4.1433,1142224956,2.9582
openssl,1dfa62d4c871a9007904812e06bdddb2d530ff64,sha1test,0.0328,0.0224,2123026,3.5466,ebc71865f0506a293242bd4aec97cdc7a8ef24b0,sha1test,crypto/asn1/a_verify.c,0.0322,0.0220,1986290,3.6644
openssl,1dfa62d4c871a9007904812e06bdddb2d530ff64,shatest,0.0314,0.0211,1507966,3.4204,ebc71865f0506a293242bd4aec97cdc7a8ef24b0,shatest,crypto/asn1/a_verify.c,0.0315,0.0215,1940146,3.4436
openssl,1dfa62d4c871a9007904812e06bdddb2d530ff64,ssltest,0,0,0,0,ebc71865f0506a293242bd4aec97cdc7a8ef24b0,ssltest,crypto/asn1/a_verify.c,0,0,0,0
openssl,8b84495380098592ef7bb2fa9209ccb87803bf1d,ssltest,0,0,0,0,77c77f0a1b9f15b869ca3342186dfbedd1119d0e,ssltest,ssl/s3_pkt.c,0,0,0,0
openssl,819418110b6fff4a7b96f01a5d68f71df3e3b736,asn1test,0.0043,0.0029,115434,0.9898,b717b083073b6cacc0a5e2397b661678aff7ae7f,asn1test,crypto/asn1/tasn_dec.c,0.0046,0.0032,148998,1.0209
openssl,819418110b6fff4a7b96f01a5d68f71df3e3b736,bntest,14.1933,11.0933,3416658078,2.2871,b717b083073b6cacc0a5e2397b661678aff7ae7f,bntest,crypto/asn1/tasn_dec.c,14.0800,11.0000,3389264487,2.3032
openssl,819418110b6fff4a7b96f01a5d68f71df3e3b736,dhtest,0.6495,0.5121,135665322,1.2712,b717b083073b6cacc0a5e2397b661678aff7ae7f,dhtest,crypto/asn1/tasn_dec.c,0.6536,0.5192,137947211,1.2699
openssl,819418110b6fff4a7b96f01a5d68f71df3e3b736,dsatest,1.5554,1.2315,340592650,1.1570,b717b083073b6cacc0a5e2397b661678aff7ae7f,dsatest,crypto/asn1/tasn_dec.c,1.5474,1.2211,343379731,1.1592
openssl,819418110b6fff4a7b96f01a5d68f71df3e3b736,ecdhtest,4.1490,3.2730,942241395,2.6852,b717b083073b6cacc0a5e2397b661678aff7ae7f,ecdhtest,crypto/asn1/tasn_dec.c,4.1664,3.2873,944238144,2.6811
openssl,819418110b6fff4a7b96f01a5d68f71df3e3b736,ecdsatest,27.1900,21.0550,6560521012,2.8239,b717b083073b6cacc0a5e2397b661678aff7ae7f,ecdsatest,crypto/asn1/tasn_dec.c,27.8900,21.9250,6538007881,2.8051
openssl,819418110b6fff4a7b96f01a5d68f71df3e3b736,ectest,28.9400,22.7600,6812105370,3.3863,b717b083073b6cacc0a5e2397b661678aff7ae7f,ectest,crypto/asn1/tasn_dec.c,29.4750,23.3850,6845078442,3.3767
openssl,819418110b6fff4a7b96f01a5d68f71df3e3b736,enginetest,0.0579,0.0400,4179314,2.0159,b717b083073b6cacc0a5e2397b661678aff7ae7f,enginetest,crypto/asn1/tasn_dec.c,0.0579,0.0401,4271572,2.0727
openssl,819418110b6fff4a7b96f01a5d68f71df3e3b736,evp_extra_test,0.1062,0.0768,12337053,1.5045,b717b083073b6cacc0a5e2397b661678aff7ae7f,evp_extra_test,crypto/asn1/tasn_dec.c,0.1097,0.0824,16949680,1.5024
openssl,819418110b6fff4a7b96f01a5d68f71df3e3b736,evp_test,0,0,0,0,b717b083073b6cacc0a5e2397b661678aff7ae7f,evp_test,crypto/asn1/tasn_dec.c,0,0,0,0
openssl,819418110b6fff4a7b96f01a5d68f71df3e3b736,exptest,10.8300,8.5725,2488546419,1.3542,b717b083073b6cacc0a5e2397b661678aff7ae7f,exptest,crypto/asn1/tasn_dec.c,11.1750,8.7950,2602267301,1.3391
openssl,819418110b6fff4a7b96f01a5d68f71df3e3b736,hmactest,0.0049,0.0032,98312,0.8406,b717b083073b6cacc0a5e2397b661678aff7ae7f,hmactest,crypto/asn1/tasn_dec.c,0.0058,0.0039,154042,1.0360
openssl,819418110b6fff4a7b96f01a5d68f71df3e3b736,igetest,0.0197,0.0134,972158,3.2566,b717b083073b6cacc0a5e2397b661678aff7ae7f,igetest,crypto/asn1/tasn_dec.c,0.0215,0.0149,919375,3.0244
openssl,819418110b6fff4a7b96f01a5d68f71df3e3b736,md4test,0.0050,0.0033,114258,0.8961,b717b083073b6cacc0a5e2397b661678aff7ae7f,md4test,crypto/asn1/tasn_dec.c,0.0056,0.0038,149230,1.0673
openssl,819418110b6fff4a7b96f01a5d68f71df3e3b736,md5test,0.0056,0.0038,150590,1.0414,b717b083073b6cacc0a5e2397b661678aff7ae7f,md5test,crypto/asn1/tasn_dec.c,0.0055,0.0038,155267,1.0600
openssl,819418110b6fff4a7b96f01a5d68f71df3e3b736,mdc2test,0.0049,0.0033,121621,0.9773,b717b083073b6cacc0a5e2397b661678aff7ae7f,mdc2test,crypto/asn1/tasn_dec.c,0.0049,0.0032,121833,0.9446
openssl,819418110b6fff4a7b96f01a5d68f71df3e3b736,randtest,0.0099,0.0067,279797,1.2353,b717b083073b6cacc0a5e2397b661678aff7ae7f,randtest,crypto/asn1/tasn_dec.c,0.0102,0.0070,315580,1.2840
openssl,819418110b6fff4a7b96f01a5d68f71df3e3b736,rmdtest,0.0058,0.0038,158547,0.8703,b717b083073b6cacc0a5e2397b661678aff7ae7f,rmdtest,crypto/asn1/tasn_dec.c,0.0058,0.0040,185114,1.0373
openssl,819418110b6fff4a7b96f01a5d68f71df3e3b736,rsa_test,5.0733,4.0000,1163104572,2.9509,b717b083073b6cacc0a5e2397b661678aff7ae7f,rsa_test,crypto/asn1/tasn_dec.c,5.1833,4.1056,1149801506,2.9591
openssl,819418110b6fff4a7b96f01a5d68f71df3e3b736,sha1test,0.0328,0.0222,1911292,3.2753,b717b083073b6cacc0a5e2397b661678aff7ae7f,sha1test,crypto/asn1/tasn_dec.c,0.0325,0.0222,1974754,3.6425
openssl,819418110b6fff4a7b96f01a5d68f71df3e3b736,shatest,0.0326,0.0222,2034507,3.1421,b717b083073b6cacc0a5e2397b661678aff7ae7f,shatest,crypto/asn1/tasn_dec.c,0.0327,0.0221,2141021,3.1958
openssl,819418110b6fff4a7b96f01a5d68f71df3e3b736,srptest,0.4663,0.3711,96114464,1.2312,b717b083073b6cacc0a5e2397b661678aff7ae7f,srptest,crypto/asn1/tasn_dec.c,0.4611,0.3632,93716132,1.2216
openssl,819418110b6fff4a7b96f01a5d68f71df3e3b736,ssltest,0,0,0,0,b717b083073b6cacc0a5e2397b661678aff7ae7f,ssltest,crypto/asn1/tasn_dec.c,0,0,0,0
openssl,819418110b6fff4a7b96f01a5d68f71df3e3b736,v3nametest,0.3533,0.2767,74187952,3.1938,b717b083073b6cacc0a5e2397b661678aff7ae7f,v3nametest,crypto/asn1/tasn_dec.c,0.3882,0.3083,72065880,3.0133
openssl,b19d8143212ae5fbc9cebfd51c01f802fabccd33,asn1test,0.0045,0.0031,125062,1.0249,c3c7fb07dc975dc3c9de0eddb7d8fd79fc9c67c1,asn1test,crypto/asn1/a_type.c,0.0044,0.0029,114798,0.9712
openssl,b19d8143212ae5fbc9cebfd51c01f802fabccd33,bntest,14.4567,11.4267,3413248108,2.3090,c3c7fb07dc975dc3c9de0eddb7d8fd79fc9c67c1,bntest,crypto/asn1/a_type.c,14.4867,11.3967,3417224874,2.2785
openssl,b19d8143212ae5fbc9cebfd51c01f802fabccd33,dhtest,0.6462,0.5069,131501282,1.2512,c3c7fb07dc975dc3c9de0eddb7d8fd79fc9c67c1,dhtest,crypto/asn1/a_type.c,0.6469,0.5074,136527808,1.2657
openssl,b19d8143212ae5fbc9cebfd51c01f802fabccd33,dsatest,1.6189,1.2932,348023060,1.1555,c3c7fb07dc975dc3c9de0eddb7d8fd79fc9c67c1,dsatest,crypto/asn1/a_type.c,1.5618,1.2393,342749500,1.1600
openssl,b19d8143212ae5fbc9cebfd51c01f802fabccd33,ecdhtest,4.1850,3.2990,942945104,2.6826,c3c7fb07dc975dc3c9de0eddb7d8fd79fc9c67c1,ecdhtest,crypto/asn1/a_type.c,4.2218,3.3482,959581213,2.6668
openssl,b19d8143212ae5fbc9cebfd51c01f802fabccd33,ecdsatest,27.6000,21.6350,6513358435,2.8259,c3c7fb07dc975dc3c9de0eddb7d8fd79fc9c67c1,ecdsatest,crypto/asn1/a_type.c,28.5400,22.6700,6543672370,2.8107
openssl,b19d8143212ae5fbc9cebfd51c01f802fabccd33,ectest,28.7450,22.4950,6861483899,3.3814,c3c7fb07dc975dc3c9de0eddb7d8fd79fc9c67c1,ectest,crypto/asn1/a_type.c,28.1200,21.7200,6860955522,3.3784
openssl,b19d8143212ae5fbc9cebfd51c01f802fabccd33,enginetest,0.0566,0.0388,3389916,2.0328,c3c7fb07dc975dc3c9de0eddb7d8fd79fc9c67c1,enginetest,crypto/asn1/a_type.c,0.0576,0.0401,4469168,2.0955
openssl,b19d8143212ae5fbc9cebfd51c01f802fabccd33,evp_extra_test,0.1112,0.0839,18516462,1.4843,c3c7fb07dc975dc3c9de0eddb7d8fd79fc9c67c1,evp_extra_test,crypto/asn1/a_type.c,0.1072,0.0791,14490340,1.5125
openssl,b19d8143212ae5fbc9cebfd51c01f802fabccd33,evp_test,0,0,0,0,c3c7fb07dc975dc3c9de0eddb7d8fd79fc9c67c1,evp_test,crypto/asn1/a_type.c,0,0,0,0
openssl,b19d8143212ae5fbc9cebfd51c01f802fabccd33,exptest,11.1450,8.8475,2471492836,1.3536,c3c7fb07dc975dc3c9de0eddb7d8fd79fc9c67c1,exptest,crypto/asn1/a_type.c,10.9875,8.6475,2537053154,1.3368
openssl,b19d8143212ae5fbc9cebfd51c01f802fabccd33,hmactest,0.0057,0.0038,156322,1.0408,c3c7fb07dc975dc3c9de0eddb7d8fd79fc9c67c1,hmactest,crypto/asn1/a_type.c,0.0053,0.0035,123914,0.9701
openssl,b19d8143212ae5fbc9cebfd51c01f802fabccd33,igetest,0.0213,0.0147,928587,3.0840,c3c7fb07dc975dc3c9de0eddb7d8fd79fc9c67c1,igetest,crypto/asn1/a_type.c,0.0206,0.0141,886058,2.9189
openssl,b19d8143212ae5fbc9cebfd51c01f802fabccd33,md4test,0.0054,0.0036,153480,0.9708,c3c7fb07dc975dc3c9de0eddb7d8fd79fc9c67c1,md4test,crypto/asn1/a_type.c,0.0058,0.0040,176904,1.1120
openssl,b19d8143212ae5fbc9cebfd51c01f802fabccd33,md5test,0.0057,0.0038,188762,1.0097,c3c7fb07dc975dc3c9de0eddb7d8fd79fc9c67c1,md5test,crypto/asn1/a_type.c,0.0056,0.0038,156790,1.0384
openssl,b19d8143212ae5fbc9cebfd51c01f802fabccd33,mdc2test,0.0053,0.0036,146016,1.0542,c3c7fb07dc975dc3c9de0eddb7d8fd79fc9c67c1,mdc2test,crypto/asn1/a_type.c,0.0051,0.0034,131774,0.9778
openssl,b19d8143212ae5fbc9cebfd51c01f802fabccd33,randtest,0.0104,0.0071,314788,1.2551,c3c7fb07dc975dc3c9de0eddb7d8fd79fc9c67c1,randtest,crypto/asn1/a_type.c,0.0087,0.0057,258393,1.2854
openssl,b19d8143212ae5fbc9cebfd51c01f802fabccd33,rmdtest,0.0056,0.0036,175948,0.8596,c3c7fb07dc975dc3c9de0eddb7d8fd79fc9c67c1,rmdtest,crypto/asn1/a_type.c,0.0052,0.0035,125636,0.9886
openssl,b19d8143212ae5fbc9cebfd51c01f802fabccd33,rsa_test,5.1311,4.0567,1156249391,2.9533,c3c7fb07dc975dc3c9de0eddb7d8fd79fc9c67c1,rsa_test,crypto/asn1/a_type.c,5.1533,4.0889,1172305266,2.9499
openssl,b19d8143212ae5fbc9cebfd51c01f802fabccd33,sha1test,0.0329,0.0224,1981148,3.5242,c3c7fb07dc975dc3c9de0eddb7d8fd79fc9c67c1,sha1test,crypto/asn1/a_type.c,0.0334,0.0228,2119875,3.2975
openssl,b19d8143212ae5fbc9cebfd51c01f802fabccd33,shatest,0.0324,0.0220,1972455,3.3258,c3c7fb07dc975dc3c9de0eddb7d8fd79fc9c67c1,shatest,crypto/asn1/a_type.c,0.0326,0.0221,1879924,3.1683
openssl,b19d8143212ae5fbc9cebfd51c01f802fabccd33,srptest,0.4748,0.3776,97194213,1.2292,c3c7fb07dc975dc3c9de0eddb7d8fd79fc9c67c1,srptest,crypto/asn1/a_type.c,0.4689,0.3736,96662784,1.2285
openssl,b19d8143212ae5fbc9cebfd51c01f802fabccd33,ssltest,0,0,0,0,c3c7fb07dc975dc3c9de0eddb7d8fd79fc9c67c1,ssltest,crypto/asn1/a_type.c,0,0,0,0
openssl,b19d8143212ae5fbc9cebfd51c01f802fabccd33,v3nametest,0.3575,0.2784,67320751,3.1176,c3c7fb07dc975dc3c9de0eddb7d8fd79fc9c67c1,v3nametest,crypto/asn1/a_type.c,0.3559,0.2790,68563461,3.1676
openssl,0b142f022e2c5072295e00ebc11c5b707a726d74,ssltest,0,0,0,0,e1b568dd2462f7cacf98f3d117936c34e2849a6b,ssltest,ssl/s3_clnt.c,0,0,0,0
openssl,f15a7e39a1f7d41716ca5f07faef74f55147d2cf,bad_dtls_test,0.0401,0.0275,2646549,1.9482,6e629b5be45face20b4ca71c4fcbfed78b864a2e,bad_dtls_test,crypto/x509/x509_vfy.c,0.0398,0.0272,2413234,1.8483
openssl,f15a7e39a1f7d41716ca5f07faef74f55147d2cf,bntest,13.8900,11.0433,3216582007,2.2675,6e629b5be45face20b4ca71c4fcbfed78b864a2e,bntest,crypto/x509/x509_vfy.c,14.0175,11.2200,3162041204,2.2903
openssl,f15a7e39a1f7d41716ca5f07faef74f55147d2cf,clienthellotest,0.0283,0.0198,1734282,1.4917,6e629b5be45face20b4ca71c4fcbfed78b864a2e,clienthellotest,crypto/x509/x509_vfy.c,0.0259,0.0177,1463567,1.7128
openssl,f15a7e39a1f7d41716ca5f07faef74f55147d2cf,dhtest,1.4741,1.1797,320323104,1.1992,6e629b5be45face20b4ca71c4fcbfed78b864a2e,dhtest,crypto/x509/x509_vfy.c,1.4584,1.1616,320974157,1.2050
openssl,f15a7e39a1f7d41716ca5f07faef74f55147d2cf,dsatest,1.5418,1.2218,340376235,1.1704,6e629b5be45face20b4ca71c4fcbfed78b864a2e,dsatest,crypto/x509/x509_vfy.c,1.5139,1.1911,337200712,1.1743
openssl,f15a7e39a1f7d41716ca5f07faef74f55147d2cf,dtlstest,0,0,0,0,6e629b5be45face20b4ca71c4fcbfed78b864a2e,dtlstest,crypto/x509/x509_vfy.c,0,0,0,0
openssl,f15a7e39a1f7d41716ca5f07faef74f55147d2cf,ecdhtest,4.1636,3.2882,947745352,2.7034,6e629b5be45face20b4ca71c4fcbfed78b864a2e,ecdhtest,crypto/x509/x509_vfy.c,4.0900,3.1990,931943142,2.7124
openssl,f15a7e39a1f7d41716ca5f07faef74f55147d2cf,ecdsatest,28.3000,22.4650,6543291073,2.8205,6e629b5be45face20b4ca71c4fcbfed78b864a2e,ecdsatest,crypto/x509/x509_vfy.c,27.2400,21.0850,6572240208,2.8213
openssl,f15a7e39a1f7d41716ca5f07faef74f55147d2cf,ectest,29.7900,23.6650,6870728768,3.3648,6e629b5be45face20b4ca71c4fcbfed78b864a2e,ectest,crypto/x509/x509_vfy.c,30.7250,24.2500,7092144968,3.2737
openssl,f15a7e39a1f7d41716ca5f07faef74f55147d2cf,enginetest,0.0566,0.0393,4185211,2.0737,6e629b5be45face20b4ca71c4fcbfed78b864a2e,enginetest,crypto/x509/x509_vfy.c,0.0571,0.0392,3749164,1.9588
openssl,f15a7e39a1f7d41716ca5f07faef74f55147d2cf,evp_extra_test,0.1119,0.0837,17139740,1.4929,6e629b5be45face20b4ca71c4fcbfed78b864a2e,evp_extra_test,crypto/x509/x509_vfy.c,0.1094,0.0805,14948229,1.4714
openssl,f15a7e39a1f7d41716ca5f07faef74f55147d2cf,evp_test,0,0,0,0,6e629b5be45face20b4ca71c4fcbfed78b864a2e,evp_test,crypto/x509/x509_vfy.c,0,0,0,0
openssl,f15a7e39a1f7d41716ca5f07faef74f55147d2cf,exptest,10.3920,8.1380,2422989133,1.3684,6e629b5be45face20b4ca71c4fcbfed78b864a2e,exptest,crypto/x509/x509_vfy.c,10.9500,8.7650,2451424614,1.3698
openssl,f15a7e39a1f7d41716ca5f07faef74f55147d2cf,hmactest,0.0061,0.0042,187377,1.1131,6e629b5be45face20b4ca71c4fcbfed78b864a2e,hmactest,crypto/x509/x509_vfy.c,0.0061,0.0042,169081,1.0902
openssl,f15a7e39a1f7d41716ca5f07faef74f55147d2cf,igetest,0.0212,0.0147,826354,2.9164,6e629b5be45face20b4ca71c4fcbfed78b864a2e,igetest,crypto/x509/x509_vfy.c,0.0192,0.0131,943982,3.3959
openssl,f15a7e39a1f7d41716ca5f07faef74f55147d2cf,md4test,0.0053,0.0035,139261,0.9995,6e629b5be45face20b4ca71c4fcbfed78b864a2e,md4test,crypto/x509/x509_vfy.c,0.0051,0.0034,125086,0.9852
openssl,f15a7e39a1f7d41716ca5f07faef74f55147d2cf,md5test,0.0057,0.0040,155105,1.0636,6e629b5be45face20b4ca71c4fcbfed78b864a2e,md5test,crypto/x509/x509_vfy.c,0.0051,0.0034,118517,0.9696
openssl,f15a7e39a1f7d41716ca5f07faef74f55147d2cf,mdc2test,0.0055,0.0038,164157,1.0754,6e629b5be45face20b4ca71c4fcbfed78b864a2e,mdc2test,crypto/x509/x509_vfy.c,0.0053,0.0036,149799,1.0610
openssl,f15a7e39a1f7d41716ca5f07faef74f55147d2cf,randtest,0.0093,0.0062,297032,1.2136,6e629b5be45face20b4ca71c4fcbfed78b864a2e,randtest,crypto/x509/x509_vfy.c,0.0100,0.0068,283392,1.2124
openssl,f15a7e39a1f7d41716ca5f07faef74f55147d2cf,rmdtest,0.0058,0.0038,123741,0.9553,6e629b5be45face20b4ca71c4fcbfed78b864a2e,rmdtest,crypto/x509/x509_vfy.c,0.0053,0.0035,120354,1.0221
openssl,f15a7e39a1f7d41716ca5f07faef74f55147d2cf,rsa_test,28.6850,22.9250,6512102024,1.2251,6e629b5be45face20b4ca71c4fcbfed78b864a2e,rsa_test,crypto/x509/x509_vfy.c,29.6500,23.9250,6614056977,1.2280
openssl,f15a7e39a1f7d41716ca5f07faef74f55147d2cf,sha1test,0.0335,0.0228,1972759,3.3069,6e629b5be45face20b4ca71c4fcbfed78b864a2e,sha1test,crypto/x509/x509_vfy.c,0.0333,0.0226,1999325,3.4072
openssl,f15a7e39a1f7d41716ca5f07faef74f55147d2cf,shatest,0.0328,0.0226,1863074,3.2513,6e629b5be45face20b4ca71c4fcbfed78b864a2e,shatest,crypto/x509/x509_vfy.c,0.0359,0.0242,2444436,3.0178
openssl,f15a7e39a1f7d41716ca5f07faef74f55147d2cf,srptest,0.4584,0.3584,90038246,1.1977,6e629b5be45face20b4ca71c4fcbfed78b864a2e,srptest,crypto/x509/x509_vfy.c,0.4646,0.3670,93317314,1.2033
openssl,f15a7e39a1f7d41716ca5f07faef74f55147d2cf,ssltest,0,0,0,0,6e629b5be45face20b4ca71c4fcbfed78b864a2e,ssltest,crypto/x509/x509_vfy.c,0,0,0,0
openssl,f15a7e39a1f7d41716ca5f07faef74f55147d2cf,sslv2conftest,0.0246,0.0169,1357705,1.7917,6e629b5be45face20b4ca71c4fcbfed78b864a2e,sslv2conftest,crypto/x509/x509_vfy.c,0.0252,0.0173,1226640,1.7174
openssl,f15a7e39a1f7d41716ca5f07faef74f55147d2cf,v3nametest,0.5096,0.4010,98381595,3.1783,6e629b5be45face20b4ca71c4fcbfed78b864a2e,v3nametest,crypto/x509/x509_vfy.c,0.5012,0.3948,97818802,3.1698
openssl,f15a7e39a1f7d41716ca5f07faef74f55147d2cf,verify_extra_test,0,0,0,0,6e629b5be45face20b4ca71c4fcbfed78b864a2e,verify_extra_test,crypto/x509/x509_vfy.c,0,0,0,0
openssl,151adf2e5cc23284a059e0f155505006a1c9fad9,clienthellotest,0.0297,0.0200,1505595,1.5296,2c0d295e26306e15a92eb23a84a1802005c1c137,clienthellotest,ssl/t1_lib.c,0.0299,0.0200,1470254,1.5850
openssl,151adf2e5cc23284a059e0f155505006a1c9fad9,ssltest,0,0,0,0,2c0d295e26306e15a92eb23a84a1802005c1c137,ssltest,ssl/t1_lib.c,0,0,0,0
openssl,d9d09a8d0f2a42d02e9a4b11a9ac395a0e15b8ba,ssltest,0,0,0,0,7fd4ce6a997be5f5c9e744ac527725c2850de203,ssltest,ssl/t1_lib.c,0,0,0,0
openssl,0042fb5fd1c9d257d713b15a1f45da05cf5c1c87,ssltest,0,0,0,0,fb0bc2b273bcc2d5401dd883fe869af4fc74bb21,ssltest,ssl/t1_lib.c,0,0,0,0
openssl,17160033765480453be0a41335fa6b833691c049,bntest,22.8600,17.9650,5666108617,2.0111,0042fb5fd1c9d257d713b15a1f45da05cf5c1c87,bntest,crypto/asn1/a_object.c,22.7750,17.8100,5669470604,2.0297
openssl,17160033765480453be0a41335fa6b833691c049,bntest,22.8600,17.9650,5666108617,2.0111,0042fb5fd1c9d257d713b15a1f45da05cf5c1c87,bntest,crypto/objects/obj_dat.c,22.7750,17.8100,5669470604,2.0297
openssl,17160033765480453be0a41335fa6b833691c049,destest,0.0066,0.0044,159504,1.2486,0042fb5fd1c9d257d713b15a1f45da05cf5c1c87,destest,crypto/asn1/a_object.c,0.0068,0.0046,186804,1.4008
openssl,17160033765480453be0a41335fa6b833691c049,destest,0.0066,0.0044,159504,1.2486,0042fb5fd1c9d257d713b15a1f45da05cf5c1c87,destest,crypto/objects/obj_dat.c,0.0068,0.0046,186804,1.4008
openssl,17160033765480453be0a41335fa6b833691c049,dhtest,0.6502,0.5096,136333227,1.2347,0042fb5fd1c9d257d713b15a1f45da05cf5c1c87,dhtest,crypto/asn1/a_object.c,0.6520,0.5084,136835745,1.2440
openssl,17160033765480453be0a41335fa6b833691c049,dhtest,0.6502,0.5096,136333227,1.2347,0042fb5fd1c9d257d713b15a1f45da05cf5c1c87,dhtest,crypto/objects/obj_dat.c,0.6520,0.5084,136835745,1.2440
openssl,17160033765480453be0a41335fa6b833691c049,dsatest,1.5279,1.2086,337523225,1.1706,0042fb5fd1c9d257d713b15a1f45da05cf5c1c87,dsatest,crypto/asn1/a_object.c,1.5375,1.2175,336340506,1.1660
openssl,17160033765480453be0a41335fa6b833691c049,dsatest,1.5279,1.2086,337523225,1.1706,0042fb5fd1c9d257d713b15a1f45da05cf5c1c87,dsatest,crypto/objects/obj_dat.c,1.5375,1.2175,336340506,1.1660
openssl,17160033765480453be0a41335fa6b833691c049,dummytest,0.0051,0.0034,132159,1.0380,0042fb5fd1c9d257d713b15a1f45da05cf5c1c87,dummytest,crypto/asn1/a_object.c,0.0050,0.0034,131692,0.9952
openssl,17160033765480453be0a41335fa6b833691c049,dummytest,0.0051,0.0034,132159,1.0380,0042fb5fd1c9d257d713b15a1f45da05cf5c1c87,dummytest,crypto/objects/obj_dat.c,0.0050,0.0034,131692,0.9952
openssl,17160033765480453be0a41335fa6b833691c049,ecdhtest,4.1382,3.2845,936809033,2.7018,0042fb5fd1c9d257d713b15a1f45da05cf5c1c87,ecdhtest,crypto/asn1/a_object.c,4.2009,3.3400,942828884,2.7069
openssl,17160033765480453be0a41335fa6b833691c049,ecdhtest,4.1382,3.2845,936809033,2.7018,0042fb5fd1c9d257d713b15a1f45da05cf5c1c87,ecdhtest,crypto/objects/obj_dat.c,4.2009,3.3400,942828884,2.7069
openssl,17160033765480453be0a41335fa6b833691c049,ecdsatest,27.3550,21.2450,6546558419,2.7987,0042fb5fd1c9d257d713b15a1f45da05cf5c1c87,ecdsatest,crypto/asn1/a_object.c,27.6150,21.7000,6489609812,2.7965
openssl,17160033765480453be0a41335fa6b833691c049,ecdsatest,27.3550,21.2450,6546558419,2.7987,0042fb5fd1c9d257d713b15a1f45da05cf5c1c87,ecdsatest,crypto/objects/obj_dat.c,27.6150,21.7000,6489609812,2.7965
openssl,17160033765480453be0a41335fa6b833691c049,ectest,28.7500,22.4650,6868788492,3.3651,0042fb5fd1c9d257d713b15a1f45da05cf5c1c87,ectest,crypto/asn1/a_object.c,28.0300,21.6300,6813080384,3.3933
openssl,17160033765480453be0a41335fa6b833691c049,ectest,28.7500,22.4650,6868788492,3.3651,0042fb5fd1c9d257d713b15a1f45da05cf5c1c87,ectest,crypto/objects/obj_dat.c,28.0300,21.6300,6813080384,3.3933
openssl,17160033765480453be0a41335fa6b833691c049,enginetest,0.0568,0.0393,3857331,2.0514,0042fb5fd1c9d257d713b15a1f45da05cf5c1c87,enginetest,crypto/asn1/a_object.c,0.0566,0.0387,3602513,1.9804
openssl,17160033765480453be0a41335fa6b833691c049,enginetest,0.0568,0.0393,3857331,2.0514,0042fb5fd1c9d257d713b15a1f45da05cf5c1c87,enginetest,crypto/objects/obj_dat.c,0.0566,0.0387,3602513,1.9804
openssl,17160033765480453be0a41335fa6b833691c049,evp_test,0,0,0,0,0042fb5fd1c9d257d713b15a1f45da05cf5c1c87,evp_test,crypto/asn1/a_object.c,0,0,0,0
openssl,17160033765480453be0a41335fa6b833691c049,evp_test,0,0,0,0,0042fb5fd1c9d257d713b15a1f45da05cf5c1c87,evp_test,crypto/objects/obj_dat.c,0,0,0,0
openssl,17160033765480453be0a41335fa6b833691c049,exptest,10.2100,8.0060,2389104593,1.3677,0042fb5fd1c9d257d713b15a1f45da05cf5c1c87,exptest,crypto/asn1/a_object.c,10.7220,8.4320,2500203383,1.3449
openssl,17160033765480453be0a41335fa6b833691c049,exptest,10.2100,8.0060,2389104593,1.3677,0042fb5fd1c9d257d713b15a1f45da05cf5c1c87,exptest,crypto/objects/obj_dat.c,10.7220,8.4320,2500203383,1.3449
openssl,17160033765480453be0a41335fa6b833691c049,hmactest,0.0057,0.0039,161694,1.0228,0042fb5fd1c9d257d713b15a1f45da05cf5c1c87,hmactest,crypto/asn1/a_object.c,0.0055,0.0037,160004,1.0432
openssl,17160033765480453be0a41335fa6b833691c049,hmactest,0.0057,0.0039,161694,1.0228,0042fb5fd1c9d257d713b15a1f45da05cf5c1c87,hmactest,crypto/objects/obj_dat.c,0.0055,0.0037,160004,1.0432
openssl,17160033765480453be0a41335fa6b833691c049,igetest,0.0208,0.0143,964150,3.0328,0042fb5fd1c9d257d713b15a1f45da05cf5c1c87,igetest,crypto/asn1/a_object.c,0.0213,0.0147,863503,2.9379
openssl,17160033765480453be0a41335fa6b833691c049,igetest,0.0208,0.0143,964150,3.0328,0042fb5fd1c9d257d713b15a1f45da05cf5c1c87,igetest,crypto/objects/obj_dat.c,0.0213,0.0147,863503,2.9379
openssl,17160033765480453be0a41335fa6b833691c049,jpaketest,0.0050,0.0034,126552,1.0296,0042fb5fd1c9d257d713b15a1f45da05cf5c1c87,jpaketest,crypto/asn1/a_object.c,0.0051,0.0035,151422,0.9810
openssl,17160033765480453be0a41335fa6b833691c049,jpaketest,0.0050,0.0034,126552,1.0296,0042fb5fd1c9d257d713b15a1f45da05cf5c1c87,jpaketest,crypto/objects/obj_dat.c,0.0051,0.0035,151422,0.9810
openssl,17160033765480453be0a41335fa6b833691c049,md2test,0.0051,0.0035,155828,1.0575,0042fb5fd1c9d257d713b15a1f45da05cf5c1c87,md2test,crypto/asn1/a_object.c,0.0051,0.0035,141817,1.0531
openssl,17160033765480453be0a41335fa6b833691c049,md2test,0.0051,0.0035,155828,1.0575,0042fb5fd1c9d257d713b15a1f45da05cf5c1c87,md2test,crypto/objects/obj_dat.c,0.0051,0.0035,141817,1.0531
openssl,17160033765480453be0a41335fa6b833691c049,md4test,0.0056,0.0038,147502,1.0633,0042fb5fd1c9d257d713b15a1f45da05cf5c1c87,md4test,crypto/asn1/a_object.c,0.0058,0.0040,176493,1.1435
openssl,17160033765480453be0a41335fa6b833691c049,md4test,0.0056,0.0038,147502,1.0633,0042fb5fd1c9d257d713b15a1f45da05cf5c1c87,md4test,crypto/objects/obj_dat.c,0.0058,0.0040,176493,1.1435
openssl,17160033765480453be0a41335fa6b833691c049,md5test,0.0055,0.0037,153426,1.0490,0042fb5fd1c9d257d713b15a1f45da05cf5c1c87,md5test,crypto/asn1/a_object.c,0.0055,0.0037,145587,1.0745
openssl,17160033765480453be0a41335fa6b833691c049,md5test,0.0055,0.0037,153426,1.0490,0042fb5fd1c9d257d713b15a1f45da05cf5c1c87,md5test,crypto/objects/obj_dat.c,0.0055,0.0037,145587,1.0745
openssl,17160033765480453be0a41335fa6b833691c049,mdc2test,0.0052,0.0035,135841,0.9879,0042fb5fd1c9d257d713b15a1f45da05cf5c1c87,mdc2test,crypto/asn1/a_object.c,0.0053,0.0036,143305,1.0868
openssl,17160033765480453be0a41335fa6b833691c049,mdc2test,0.0052,0.0035,135841,0.9879,0042fb5fd1c9d257d713b15a1f45da05cf5c1c87,mdc2test,crypto/objects/obj_dat.c,0.0053,0.0036,143305,1.0868
openssl,17160033765480453be0a41335fa6b833691c049,p5_crpt2_test,1.5779,1.2500,351039837,3.9130,0042fb5fd1c9d257d713b15a1f45da05cf5c1c87,p5_crpt2_test,crypto/asn1/a_object.c,1.5708,1.2442,349278173,3.9315
openssl,17160033765480453be0a41335fa6b833691c049,p5_crpt2_test,1.5779,1.2500,351039837,3.9130,0042fb5fd1c9d257d713b15a1f45da05cf5c1c87,p5_crpt2_test,crypto/objects/obj_dat.c,1.5708,1.2442,349278173,3.9315
openssl,17160033765480453be0a41335fa6b833691c049,randtest,0.0101,0.0068,328724,1.2304,0042fb5fd1c9d257d713b15a1f45da05cf5c1c87,randtest,crypto/asn1/a_object.c,0.0087,0.0057,260545,1.2532
openssl,17160033765480453be0a41335fa6b833691c049,randtest,0.0101,0.0068,328724,1.2304,0042fb5fd1c9d257d713b15a1f45da05cf5c1c87,randtest,crypto/objects/obj_dat.c,0.0087,0.0057,260545,1.2532
openssl,17160033765480453be0a41335fa6b833691c049,rc5test,0.0051,0.0035,158166,1.0208,0042fb5fd1c9d257d713b15a1f45da05cf5c1c87,rc5test,crypto/asn1/a_object.c,0.0050,0.0033,132585,0.9223
openssl,17160033765480453be0a41335fa6b833691c049,rc5test,0.0051,0.0035,158166,1.0208,0042fb5fd1c9d257d713b15a1f45da05cf5c1c87,rc5test,crypto/objects/obj_dat.c,0.0050,0.0033,132585,0.9223
openssl,17160033765480453be0a41335fa6b833691c049,rmdtest,0.0057,0.0037,116367,0.9200,0042fb5fd1c9d257d713b15a1f45da05cf5c1c87,rmdtest,crypto/asn1/a_object.c,0.0057,0.0039,157190,1.0735
openssl,17160033765480453be0a41335fa6b833691c049,rmdtest,0.0057,0.0037,116367,0.9200,0042fb5fd1c9d257d713b15a1f45da05cf5c1c87,rmdtest,crypto/objects/obj_dat.c,0.0057,0.0039,157190,1.0735
openssl,17160033765480453be0a41335fa6b833691c049,rsa_test,5.1478,4.0633,1146703279,2.9697,0042fb5fd1c9d257d713b15a1f45da05cf5c1c87,rsa_test,crypto/asn1/a_object.c,5.0433,3.9678,1155219961,2.9590
openssl,17160033765480453be0a41335fa6b833691c049,rsa_test,5.1478,4.0633,1146703279,2.9697,0042fb5fd1c9d257d713b15a1f45da05cf5c1c87,rsa_test,crypto/objects/obj_dat.c,5.0433,3.9678,1155219961,2.9590
openssl,17160033765480453be0a41335fa6b833691c049,sha1test,0.0324,0.0220,1810414,3.6102,0042fb5fd1c9d257d713b15a1f45da05cf5c1c87,sha1test,crypto/asn1/a_object.c,0.0331,0.0226,2160825,3.3802
openssl,17160033765480453be0a41335fa6b833691c049,sha1test,0.0324,0.0220,1810414,3.6102,0042fb5fd1c9d257d713b15a1f45da05cf5c1c87,sha1test,crypto/objects/obj_dat.c,0.0331,0.0226,2160825,3.3802
openssl,17160033765480453be0a41335fa6b833691c049,shatest,0.0316,0.0214,1830532,3.3879,0042fb5fd1c9d257d713b15a1f45da05cf5c1c87,shatest,crypto/asn1/a_object.c,0.0328,0.0222,2023020,3.2577
openssl,17160033765480453be0a41335fa6b833691c049,shatest,0.0316,0.0214,1830532,3.3879,0042fb5fd1c9d257d713b15a1f45da05cf5c1c87,shatest,crypto/objects/obj_dat.c,0.0328,0.0222,2023020,3.2577
openssl,17160033765480453be0a41335fa6b833691c049,srptest,0.4679,0.3705,95312575,1.2099,0042fb5fd1c9d257d713b15a1f45da05cf5c1c87,srptest,crypto/asn1/a_object.c,0.4797,0.3790,95026063,1.1890
openssl,17160033765480453be0a41335fa6b833691c049,srptest,0.4679,0.3705,95312575,1.2099,0042fb5fd1c9d257d713b15a1f45da05cf5c1c87,srptest,crypto/objects/obj_dat.c,0.4797,0.3790,95026063,1.1890
openssl,17160033765480453be0a41335fa6b833691c049,ssltest,0,0,0,0,0042fb5fd1c9d257d713b15a1f45da05cf5c1c87,ssltest,crypto/asn1/a_object.c,0,0,0,0
openssl,17160033765480453be0a41335fa6b833691c049,ssltest,0,0,0,0,0042fb5fd1c9d257d713b15a1f45da05cf5c1c87,ssltest,crypto/objects/obj_dat.c,0,0,0,0
openssl,17160033765480453be0a41335fa6b833691c049,v3nametest,0.3587,0.2786,68724434,3.1582,0042fb5fd1c9d257d713b15a1f45da05cf5c1c87,v3nametest,crypto/asn1/a_object.c,0.3531,0.2780,68055604,3.1880
openssl,17160033765480453be0a41335fa6b833691c049,v3nametest,0.3587,0.2786,68724434,3.1582,0042fb5fd1c9d257d713b15a1f45da05cf5c1c87,v3nametest,crypto/objects/obj_dat.c,0.3531,0.2780,68055604,3.1880
openssl,259b664f950c2ba66fbf4b0fe5281327904ead21,asn1test,0.0045,0.0031,135372,1.0493,578b956fe741bf8e84055547b1e83c28dd902c73,asn1test,crypto/bio/b_print.c,0.0053,0.0038,220412,0.9840
openssl,259b664f950c2ba66fbf4b0fe5281327904ead21,bntest,13.7267,10.7033,3317511115,2.3303,578b956fe741bf8e84055547b1e83c28dd902c73,bntest,crypto/bio/b_print.c,14.5100,11.3633,3453679048,2.2952
openssl,259b664f950c2ba66fbf4b0fe5281327904ead21,clienthellotest,0.0271,0.0184,1449007,1.6744,578b956fe741bf8e84055547b1e83c28dd902c73,clienthellotest,crypto/bio/b_print.c,0.0271,0.0185,1331617,1.7585
openssl,259b664f950c2ba66fbf4b0fe5281327904ead21,destest,0.0060,0.0039,144651,1.2962,578b956fe741bf8e84055547b1e83c28dd902c73,destest,crypto/bio/b_print.c,0.0071,0.0048,208675,1.3409
openssl,259b664f950c2ba66fbf4b0fe5281327904ead21,dhtest,1.4418,1.1493,320964593,1.2128,578b956fe741bf8e84055547b1e83c28dd902c73,dhtest,crypto/bio/b_print.c,1.4413,1.1483,322885955,1.2101
openssl,259b664f950c2ba66fbf4b0fe5281327904ead21,dsatest,1.6404,1.3096,357828957,1.2466,578b956fe741bf8e84055547b1e83c28dd902c73,dsatest,crypto/bio/b_print.c,1.5366,1.2207,338249502,1.1725
openssl,259b664f950c2ba66fbf4b0fe5281327904ead21,dummytest,0.0050,0.0034,128974,1.0144,578b956fe741bf8e84055547b1e83c28dd902c73,dummytest,crypto/bio/b_print.c,0.0047,0.0031,115010,0.9606
openssl,259b664f950c2ba66fbf4b0fe5281327904ead21,ecdhtest,4.1764,3.3045,947391463,2.6824,578b956fe741bf8e84055547b1e83c28dd902c73,ecdhtest,crypto/bio/b_print.c,4.4030,3.5050,976748885,2.6415
openssl,259b664f950c2ba66fbf4b0fe5281327904ead21,ecdsatest,27.9400,21.9100,6575557405,2.8275,578b956fe741bf8e84055547b1e83c28dd902c73,ecdsatest,crypto/bio/b_print.c,28.3650,22.5850,6504157054,2.8329
openssl,259b664f950c2ba66fbf4b0fe5281327904ead21,ectest,28.9450,22.7050,6828937400,3.3819,578b956fe741bf8e84055547b1e83c28dd902c73,ectest,crypto/bio/b_print.c,28.4400,22.0950,6851673008,3.3727
openssl,259b664f950c2ba66fbf4b0fe5281327904ead21,enginetest,0.0575,0.0400,4367769,2.0589,578b956fe741bf8e84055547b1e83c28dd902c73,enginetest,crypto/bio/b_print.c,0.0566,0.0392,4020094,2.0980
openssl,259b664f950c2ba66fbf4b0fe5281327904ead21,evp_extra_test,0.1125,0.0818,15071249,1.4632,578b956fe741bf8e84055547b1e83c28dd902c73,evp_extra_test,crypto/bio/b_print.c,0.1079,0.0787,14030159,1.4847
openssl,259b664f950c2ba66fbf4b0fe5281327904ead21,evp_test,0,0,0,0,578b956fe741bf8e84055547b1e83c28dd902c73,evp_test,crypto/bio/b_print.c,0,0,0,0
openssl,259b664f950c2ba66fbf4b0fe5281327904ead21,exptest,10.8775,8.7150,2465117776,1.3635,578b956fe741bf8e84055547b1e83c28dd902c73,exptest,crypto/bio/b_print.c,10.3150,8.1800,2360407709,1.3759
openssl,259b664f950c2ba66fbf4b0fe5281327904ead21,hmactest,0.0065,0.0046,255998,1.2002,578b956fe741bf8e84055547b1e83c28dd902c73,hmactest,crypto/bio/b_print.c,0.0056,0.0037,112774,1.0123
openssl,259b664f950c2ba66fbf4b0fe5281327904ead21,igetest,0.0207,0.0143,991153,3.1437,578b956fe741bf8e84055547b1e83c28dd902c73,igetest,crypto/bio/b_print.c,0.0207,0.0142,855178,3.1071
openssl,259b664f950c2ba66fbf4b0fe5281327904ead21,jpaketest,0.0051,0.0034,158458,0.9243,578b956fe741bf8e84055547b1e83c28dd902c73,jpaketest,crypto/bio/b_print.c,0.0052,0.0036,150935,1.0695
openssl,259b664f950c2ba66fbf4b0fe5281327904ead21,md2test,0.0044,0.0028,86765,0.8235,578b956fe741bf8e84055547b1e83c28dd902c73,md2test,crypto/bio/b_print.c,0.0051,0.0035,150947,1.0450
openssl,259b664f950c2ba66fbf4b0fe5281327904ead21,md4test,0.0055,0.0037,143316,1.0508,578b956fe741bf8e84055547b1e83c28dd902c73,md4test,crypto/bio/b_print.c,0.0054,0.0037,142934,1.0699
openssl,259b664f950c2ba66fbf4b0fe5281327904ead21,md5test,0.0053,0.0036,134351,0.9955,578b956fe741bf8e84055547b1e83c28dd902c73,md5test,crypto/bio/b_print.c,0.0057,0.0039,162791,1.0508
openssl,259b664f950c2ba66fbf4b0fe5281327904ead21,mdc2test,0.0056,0.0038,150288,1.0914,578b956fe741bf8e84055547b1e83c28dd902c73,mdc2test,crypto/bio/b_print.c,0.0051,0.0035,129024,1.0034
openssl,259b664f950c2ba66fbf4b0fe5281327904ead21,randtest,0.0090,0.0059,320826,1.3138,578b956fe741bf8e84055547b1e83c28dd902c73,randtest,crypto/bio/b_print.c,0.0096,0.0064,281928,1.2738
openssl,259b664f950c2ba66fbf4b0fe5281327904ead21,rc4test,0.0740,0.0522,7229262,4.2908,578b956fe741bf8e84055547b1e83c28dd902c73,rc4test,crypto/bio/b_print.c,0.0748,0.0527,7285606,4.2358
openssl,259b664f950c2ba66fbf4b0fe5281327904ead21,rc5test,0.0051,0.0034,134410,1.0171,578b956fe741bf8e84055547b1e83c28dd902c73,rc5test,crypto/bio/b_print.c,0.0046,0.0030,91730,0.9509
openssl,259b664f950c2ba66fbf4b0fe5281327904ead21,rmdtest,0.0057,0.0037,111128,0.9427,578b956fe741bf8e84055547b1e83c28dd902c73,rmdtest,crypto/bio/b_print.c,0.0056,0.0038,140563,0.9997
openssl,259b664f950c2ba66fbf4b0fe5281327904ead21,rsa_test,27.8200,21.8700,6516657324,1.1921,578b956fe741bf8e84055547b1e83c28dd902c73,rsa_test,crypto/bio/b_print.c,28.3850,22.4050,6597863930,1.1801
openssl,259b664f950c2ba66fbf4b0fe5281327904ead21,sha1test,0.0327,0.0223,2014543,3.4370,578b956fe741bf8e84055547b1e83c28dd902c73,sha1test,crypto/bio/b_print.c,0.0336,0.0229,1991830,3.3062
openssl,259b664f950c2ba66fbf4b0fe5281327904ead21,shatest,0.0313,0.0210,1552792,3.3399,578b956fe741bf8e84055547b1e83c28dd902c73,shatest,crypto/bio/b_print.c,0.0314,0.0213,1772579,3.4324
openssl,259b664f950c2ba66fbf4b0fe5281327904ead21,srptest,0.4755,0.3769,99473244,1.1906,578b956fe741bf8e84055547b1e83c28dd902c73,srptest,crypto/bio/b_print.c,0.4703,0.3728,98855125,1.2034
openssl,259b664f950c2ba66fbf4b0fe5281327904ead21,ssltest,0,0,0,0,578b956fe741bf8e84055547b1e83c28dd902c73,ssltest,crypto/bio/b_print.c,0,0,0,0
openssl,259b664f950c2ba66fbf4b0fe5281327904ead21,v3nametest,0.5006,0.3934,100344827,3.1770,578b956fe741bf8e84055547b1e83c28dd902c73,v3nametest,crypto/bio/b_print.c,0.5076,0.4004,94672513,3.1737
openssl,259b664f950c2ba66fbf4b0fe5281327904ead21,verify_extra_test,0,0,0,0,578b956fe741bf8e84055547b1e83c28dd902c73,verify_extra_test,crypto/bio/b_print.c,0,0,0,0
openssl,56ea22458f3f5f1d0148b0a97957de4d56f3d328,bntest,14.2833,11.3100,3316365605,2.3405,2919516136a4227d9e6d8f2fe66ef976aaf8c561,bntest,crypto/x509/x509_obj.c,14.7433,11.7200,3393795788,2.3221
openssl,56ea22458f3f5f1d0148b0a97957de4d56f3d328,clienthellotest,0.0286,0.0197,1494405,1.6016,2919516136a4227d9e6d8f2fe66ef976aaf8c561,clienthellotest,crypto/x509/x509_obj.c,0.0261,0.0176,1289027,1.8054
openssl,56ea22458f3f5f1d0148b0a97957de4d56f3d328,dhtest,0.0580,0.0403,4458104,2.4088,2919516136a4227d9e6d8f2fe66ef976aaf8c561,dhtest,crypto/x509/x509_obj.c,0.0739,0.0537,6664995,2.0514
openssl,56ea22458f3f5f1d0148b0a97957de4d56f3d328,dsatest,1.5814,1.2639,346472490,1.1666,2919516136a4227d9e6d8f2fe66ef976aaf8c561,dsatest,crypto/x509/x509_obj.c,1.5704,1.2393,325976339,1.1403
openssl,56ea22458f3f5f1d0148b0a97957de4d56f3d328,ecdhtest,2.5071,1.9441,581185356,3.5645,2919516136a4227d9e6d8f2fe66ef976aaf8c561,ecdhtest,crypto/x509/x509_obj.c,2.5750,2.0312,584623920,3.5523
openssl,56ea22458f3f5f1d0148b0a97957de4d56f3d328,ecdsatest,17.4000,13.5767,4065688100,3.6140,2919516136a4227d9e6d8f2fe66ef976aaf8c561,ecdsatest,crypto/x509/x509_obj.c,17.3933,13.4600,4041844502,3.6190
openssl,56ea22458f3f5f1d0148b0a97957de4d56f3d328,ectest,28.7950,22.8550,6655695538,3.4277,2919516136a4227d9e6d8f2fe66ef976aaf8c561,ectest,crypto/x509/x509_obj.c,28.2950,22.1800,6632615687,3.4438
openssl,56ea22458f3f5f1d0148b0a97957de4d56f3d328,enginetest,0.0568,0.0392,3864994,2.0224,2919516136a4227d9e6d8f2fe66ef976aaf8c561,enginetest,crypto/x509/x509_obj.c,0.0570,0.0391,3891751,1.9517
openssl,56ea22458f3f5f1d0148b0a97957de4d56f3d328,evp_extra_test,0.1075,0.0784,13336303,1.5289,2919516136a4227d9e6d8f2fe66ef976aaf8c561,evp_extra_test,crypto/x509/x509_obj.c,0.1109,0.0822,16700569,1.5125
openssl,56ea22458f3f5f1d0148b0a97957de4d56f3d328,evp_test,0,0,0,0,2919516136a4227d9e6d8f2fe66ef976aaf8c561,evp_test,crypto/x509/x509_obj.c,0,0,0,0
openssl,56ea22458f3f5f1d0148b0a97957de4d56f3d328,exptest,10.7350,8.4575,2471535597,1.3715,2919516136a4227d9e6d8f2fe66ef976aaf8c561,exptest,crypto/x509/x509_obj.c,10.6675,8.5325,2376167386,1.3838
openssl,56ea22458f3f5f1d0148b0a97957de4d56f3d328,hmactest,0.0059,0.0040,158149,1.0439,2919516136a4227d9e6d8f2fe66ef976aaf8c561,hmactest,crypto/x509/x509_obj.c,0.0059,0.0039,147551,1.0091
openssl,56ea22458f3f5f1d0148b0a97957de4d56f3d328,igetest,0.0207,0.0142,952699,3.0730,2919516136a4227d9e6d8f2fe66ef976aaf8c561,igetest,crypto/x509/x509_obj.c,0.0212,0.0146,879782,3.0020
openssl,56ea22458f3f5f1d0148b0a97957de4d56f3d328,md4test,0.0054,0.0036,149984,1.0004,2919516136a4227d9e6d8f2fe66ef976aaf8c561,md4test,crypto/x509/x509_obj.c,0.0055,0.0037,155334,1.0497
openssl,56ea22458f3f5f1d0148b0a97957de4d56f3d328,md5test,0.0053,0.0036,133655,1.0110,2919516136a4227d9e6d8f2fe66ef976aaf8c561,md5test,crypto/x509/x509_obj.c,0.0051,0.0033,111773,0.9915
openssl,56ea22458f3f5f1d0148b0a97957de4d56f3d328,mdc2test,0.0053,0.0036,134199,1.0354,2919516136a4227d9e6d8f2fe66ef976aaf8c561,mdc2test,crypto/x509/x509_obj.c,0.0056,0.0038,174766,0.8460
openssl,56ea22458f3f5f1d0148b0a97957de4d56f3d328,randtest,0.0113,0.0075,381198,1.0458,2919516136a4227d9e6d8f2fe66ef976aaf8c561,randtest,crypto/x509/x509_obj.c,0.0087,0.0056,227873,1.1468
openssl,56ea22458f3f5f1d0148b0a97957de4d56f3d328,rmdtest,0.0057,0.0037,134993,0.8706,2919516136a4227d9e6d8f2fe66ef976aaf8c561,rmdtest,crypto/x509/x509_obj.c,0.0055,0.0036,137180,1.0105
openssl,56ea22458f3f5f1d0148b0a97957de4d56f3d328,rsa_test,28.8550,22.9550,6525152486,1.2282,2919516136a4227d9e6d8f2fe66ef976aaf8c561,rsa_test,crypto/x509/x509_obj.c,28.9650,23.0100,6584079686,1.2340
openssl,56ea22458f3f5f1d0148b0a97957de4d56f3d328,sha1test,0.0383,0.0271,3156110,2.7382,2919516136a4227d9e6d8f2fe66ef976aaf8c561,sha1test,crypto/x509/x509_obj.c,0.0331,0.0223,1827132,3.4415
openssl,56ea22458f3f5f1d0148b0a97957de4d56f3d328,shatest,0.0344,0.0233,2308708,3.1273,2919516136a4227d9e6d8f2fe66ef976aaf8c561,shatest,crypto/x509/x509_obj.c,0.0325,0.0219,1814538,2.9557
openssl,56ea22458f3f5f1d0148b0a97957de4d56f3d328,srptest,0.4678,0.3618,87016768,1.1743,2919516136a4227d9e6d8f2fe66ef976aaf8c561,srptest,crypto/x509/x509_obj.c,0.4659,0.3630,90328602,1.1859
openssl,56ea22458f3f5f1d0148b0a97957de4d56f3d328,ssltest,0,0,0,0,2919516136a4227d9e6d8f2fe66ef976aaf8c561,ssltest,crypto/x509/x509_obj.c,0,0,0,0
openssl,56ea22458f3f5f1d0148b0a97957de4d56f3d328,verify_extra_test,0,0,0,0,2919516136a4227d9e6d8f2fe66ef976aaf8c561,verify_extra_test,crypto/x509/x509_obj.c,0,0,0,0
openssl,2919516136a4227d9e6d8f2fe66ef976aaf8c561,bntest,14.8000,11.7300,3431306675,2.2927,5b814481f3573fa9677f3a31ee51322e2a22ee6a,bntest,crypto/evp/encode.c,14.5033,11.3633,3317739714,2.3260
openssl,2919516136a4227d9e6d8f2fe66ef976aaf8c561,clienthellotest,0.0287,0.0199,1697455,1.7746,5b814481f3573fa9677f3a31ee51322e2a22ee6a,clienthellotest,crypto/evp/encode.c,0.0290,0.0198,1520014,1.6808
openssl,2919516136a4227d9e6d8f2fe66ef976aaf8c561,dhtest,0.0564,0.0394,4477510,2.3988,5b814481f3573fa9677f3a31ee51322e2a22ee6a,dhtest,crypto/evp/encode.c,0.0612,0.0427,4762297,2.3298
openssl,2919516136a4227d9e6d8f2fe66ef976aaf8c561,dsatest,1.5500,1.2285,344821886,1.1661,5b814481f3573fa9677f3a31ee51322e2a22ee6a,dsatest,crypto/evp/encode.c,1.5463,1.2178,341202682,1.1612
openssl,2919516136a4227d9e6d8f2fe66ef976aaf8c561,ecdhtest,2.5876,2.0476,588034141,3.5344,5b814481f3573fa9677f3a31ee51322e2a22ee6a,ecdhtest,crypto/evp/encode.c,2.6044,2.0119,595665952,3.4832
openssl,2919516136a4227d9e6d8f2fe66ef976aaf8c561,ecdsatest,16.8433,13.0667,4018698076,3.6601,5b814481f3573fa9677f3a31ee51322e2a22ee6a,ecdsatest,crypto/evp/encode.c,16.5567,12.7100,4018215829,3.6393
openssl,2919516136a4227d9e6d8f2fe66ef976aaf8c561,ectest,27.1000,20.8750,6621649268,3.4438,5b814481f3573fa9677f3a31ee51322e2a22ee6a,ectest,crypto/evp/encode.c,30.5000,24.0650,6836347740,3.3721
openssl,2919516136a4227d9e6d8f2fe66ef976aaf8c561,enginetest,0.0628,0.0445,4774933,1.9378,5b814481f3573fa9677f3a31ee51322e2a22ee6a,enginetest,crypto/evp/encode.c,0.0564,0.0388,3705889,2.0680
openssl,2919516136a4227d9e6d8f2fe66ef976aaf8c561,evp_extra_test,0.1060,0.0764,12142193,1.5118,5b814481f3573fa9677f3a31ee51322e2a22ee6a,evp_extra_test,crypto/evp/encode.c,0.1094,0.0815,16365438,1.5267
openssl,2919516136a4227d9e6d8f2fe66ef976aaf8c561,evp_test,0,0,0,0,5b814481f3573fa9677f3a31ee51322e2a22ee6a,evp_test,crypto/evp/encode.c,0,0,0,0
openssl,2919516136a4227d9e6d8f2fe66ef976aaf8c561,exptest,11.0650,8.7250,2476016492,1.3643,5b814481f3573fa9677f3a31ee51322e2a22ee6a,exptest,crypto/evp/encode.c,10.4025,8.1250,2452796696,1.3780
openssl,2919516136a4227d9e6d8f2fe66ef976aaf8c561,hmactest,0.0053,0.0034,119881,0.9289,5b814481f3573fa9677f3a31ee51322e2a22ee6a,hmactest,crypto/evp/encode.c,0.0059,0.0040,157813,1.0242
openssl,2919516136a4227d9e6d8f2fe66ef976aaf8c561,igetest,0.0220,0.0151,882898,2.9656,5b814481f3573fa9677f3a31ee51322e2a22ee6a,igetest,crypto/evp/encode.c,0.0209,0.0144,1041193,3.0339
openssl,2919516136a4227d9e6d8f2fe66ef976aaf8c561,md4test,0.0051,0.0034,121441,1.0061,5b814481f3573fa9677f3a31ee51322e2a22ee6a,md4test,crypto/evp/encode.c,0.0060,0.0041,262656,1.0174
openssl,2919516136a4227d9e6d8f2fe66ef976aaf8c561,md5test,0.0056,0.0038,159156,1.1045,5b814481f3573fa9677f3a31ee51322e2a22ee6a,md5test,crypto/evp/encode.c,0.0056,0.0038,169316,0.9408
openssl,2919516136a4227d9e6d8f2fe66ef976aaf8c561,mdc2test,0.0052,0.0035,142227,1.0571,5b814481f3573fa9677f3a31ee51322e2a22ee6a,mdc2test,crypto/evp/encode.c,0.0052,0.0036,146051,1.0513
openssl,2919516136a4227d9e6d8f2fe66ef976aaf8c561,randtest,0.0106,0.0072,339013,1.2236,5b814481f3573fa9677f3a31ee51322e2a22ee6a,randtest,crypto/evp/encode.c,0.0105,0.0072,329347,1.2567
openssl,2919516136a4227d9e6d8f2fe66ef976aaf8c561,rmdtest,0.0062,0.0041,155359,0.9703,5b814481f3573fa9677f3a31ee51322e2a22ee6a,rmdtest,crypto/evp/encode.c,0.0056,0.0038,153385,1.0404
openssl,2919516136a4227d9e6d8f2fe66ef976aaf8c561,rsa_test,28.8650,22.8550,6556343276,1.2301,5b814481f3573fa9677f3a31ee51322e2a22ee6a,rsa_test,crypto/evp/encode.c,28.4350,22.3450,6438679990,1.2189
openssl,2919516136a4227d9e6d8f2fe66ef976aaf8c561,sha1test,0.0322,0.0217,1788711,3.4924,5b814481f3573fa9677f3a31ee51322e2a22ee6a,sha1test,crypto/evp/encode.c,0.0357,0.0244,2453916,3.2563
openssl,2919516136a4227d9e6d8f2fe66ef976aaf8c561,shatest,0.0324,0.0220,1825370,3.2556,5b814481f3573fa9677f3a31ee51322e2a22ee6a,shatest,crypto/evp/encode.c,0.0375,0.0261,2596558,2.6114
openssl,2919516136a4227d9e6d8f2fe66ef976aaf8c561,srptest,0.4707,0.3694,93280278,1.1861,5b814481f3573fa9677f3a31ee51322e2a22ee6a,srptest,crypto/evp/encode.c,0.4751,0.3727,96473269,1.1810
openssl,2919516136a4227d9e6d8f2fe66ef976aaf8c561,ssltest,0,0,0,0,5b814481f3573fa9677f3a31ee51322e2a22ee6a,ssltest,crypto/evp/encode.c,0,0,0,0
openssl,2919516136a4227d9e6d8f2fe66ef976aaf8c561,verify_extra_test,0,0,0,0,5b814481f3573fa9677f3a31ee51322e2a22ee6a,verify_extra_test,crypto/evp/encode.c,0,0,0,0
openssl,64333004a41a9f4aa587b8e5401420fb70d00687,clienthellotest,0.0301,0.0205,1645318,1.7332,259b664f950c2ba66fbf4b0fe5281327904ead21,clienthellotest,crypto/srp/srp_vfy.c,0.0304,0.0209,1544030,1.6596
openssl,64333004a41a9f4aa587b8e5401420fb70d00687,srptest,0.4818,0.3741,97152203,1.2025,259b664f950c2ba66fbf4b0fe5281327904ead21,srptest,crypto/srp/srp_vfy.c,0.5104,0.3959,97690828,1.1866
openssl,64333004a41a9f4aa587b8e5401420fb70d00687,ssltest,0,0,0,0,259b664f950c2ba66fbf4b0fe5281327904ead21,ssltest,crypto/srp/srp_vfy.c,0,0,0,0
openssl,bc38a7d2d3c6082163c50ddf99464736110f2000,bntest,16.8500,13.3300,3809464401,2.1489,708dc2f1291e104fe4eef810bb8ffc1fae5b19c1,bntest,crypto/bn/bn_exp.c,15.6133,12.1300,3553757750,2.2225
openssl,bc38a7d2d3c6082163c50ddf99464736110f2000,clienthellotest,0.0355,0.0253,2617477,1.5356,708dc2f1291e104fe4eef810bb8ffc1fae5b19c1,clienthellotest,crypto/bn/bn_exp.c,0.0265,0.0179,1261120,1.7736
openssl,bc38a7d2d3c6082163c50ddf99464736110f2000,dhtest,1.5890,1.2453,339266324,1.2058,708dc2f1291e104fe4eef810bb8ffc1fae5b19c1,dhtest,crypto/bn/bn_exp.c,1.4714,1.1434,324229605,1.1998
openssl,bc38a7d2d3c6082163c50ddf99464736110f2000,dsatest,1.6043,1.2625,348016754,1.1702,708dc2f1291e104fe4eef810bb8ffc1fae5b19c1,dsatest,crypto/bn/bn_exp.c,1.6078,1.2507,342294789,1.1656
openssl,bc38a7d2d3c6082163c50ddf99464736110f2000,ecdhtest,4.1260,3.1800,961546825,2.6535,708dc2f1291e104fe4eef810bb8ffc1fae5b19c1,ecdhtest,crypto/bn/bn_exp.c,4.2227,3.3273,955857783,2.6797
openssl,bc38a7d2d3c6082163c50ddf99464736110f2000,ecdsatest,29.0500,22.4300,6852560773,2.7450,708dc2f1291e104fe4eef810bb8ffc1fae5b19c1,ecdsatest,crypto/bn/bn_exp.c,28.1700,21.4000,6752638516,2.7609
openssl,bc38a7d2d3c6082163c50ddf99464736110f2000,ectest,29.3800,22.6550,6965789676,3.3230,708dc2f1291e104fe4eef810bb8ffc1fae5b19c1,ectest,crypto/bn/bn_exp.c,30.8200,23.8400,7135788184,3.2836
openssl,bc38a7d2d3c6082163c50ddf99464736110f2000,enginetest,0.0644,0.0436,4511780,1.9385,708dc2f1291e104fe4eef810bb8ffc1fae5b19c1,enginetest,crypto/bn/bn_exp.c,0.0635,0.0439,4801996,1.8755
openssl,bc38a7d2d3c6082163c50ddf99464736110f2000,evp_extra_test,0.1167,0.0849,15287947,1.4679,708dc2f1291e104fe4eef810bb8ffc1fae5b19c1,evp_extra_test,crypto/bn/bn_exp.c,0.1202,0.0880,16744854,1.4969
openssl,bc38a7d2d3c6082163c50ddf99464736110f2000,evp_test,0,0,0,0,708dc2f1291e104fe4eef810bb8ffc1fae5b19c1,evp_test,crypto/bn/bn_exp.c,0,0,0,0
openssl,bc38a7d2d3c6082163c50ddf99464736110f2000,exptest,10.8975,8.4375,2515103775,1.3544,708dc2f1291e104fe4eef810bb8ffc1fae5b19c1,exptest,crypto/bn/bn_exp.c,10.8850,8.4375,2530510793,1.3640
openssl,bc38a7d2d3c6082163c50ddf99464736110f2000,hmactest,0.0074,0.0051,429263,1.0192,708dc2f1291e104fe4eef810bb8ffc1fae5b19c1,hmactest,crypto/bn/bn_exp.c,0.0064,0.0042,227484,1.0393
openssl,bc38a7d2d3c6082163c50ddf99464736110f2000,igetest,0.0252,0.0177,1678343,2.1212,708dc2f1291e104fe4eef810bb8ffc1fae5b19c1,igetest,crypto/bn/bn_exp.c,0.0232,0.0160,1375943,2.2932
openssl,bc38a7d2d3c6082163c50ddf99464736110f2000,md4test,0.0073,0.0050,346451,0.9346,708dc2f1291e104fe4eef810bb8ffc1fae5b19c1,md4test,crypto/bn/bn_exp.c,0.0062,0.0042,264262,0.9721
openssl,bc38a7d2d3c6082163c50ddf99464736110f2000,md5test,0.0071,0.0050,587839,1.1360,708dc2f1291e104fe4eef810bb8ffc1fae5b19c1,md5test,crypto/bn/bn_exp.c,0.0060,0.0040,223683,0.9700
openssl,bc38a7d2d3c6082163c50ddf99464736110f2000,mdc2test,0.0054,0.0036,141093,0.8840,708dc2f1291e104fe4eef810bb8ffc1fae5b19c1,mdc2test,crypto/bn/bn_exp.c,0.0058,0.0039,210570,0.9394
openssl,bc38a7d2d3c6082163c50ddf99464736110f2000,randtest,0.0113,0.0076,428145,1.0633,708dc2f1291e104fe4eef810bb8ffc1fae5b19c1,randtest,crypto/bn/bn_exp.c,0.0118,0.0081,641423,1.1619
openssl,bc38a7d2d3c6082163c50ddf99464736110f2000,rmdtest,0.0077,0.0055,538674,0.8801,708dc2f1291e104fe4eef810bb8ffc1fae5b19c1,rmdtest,crypto/bn/bn_exp.c,0.0057,0.0036,173925,0.9743
openssl,bc38a7d2d3c6082163c50ddf99464736110f2000,rsa_test,29.8900,23.6100,6969313715,1.3473,708dc2f1291e104fe4eef810bb8ffc1fae5b19c1,rsa_test,crypto/bn/bn_exp.c,30.0050,23.6350,6723981812,1.2180
openssl,bc38a7d2d3c6082163c50ddf99464736110f2000,sha1test,0.0380,0.0263,2976072,2.7676,708dc2f1291e104fe4eef810bb8ffc1fae5b19c1,sha1test,crypto/bn/bn_exp.c,0.0516,0.0386,5870641,1.9962
openssl,bc38a7d2d3c6082163c50ddf99464736110f2000,shatest,0.0349,0.0235,2219333,3.2070,708dc2f1291e104fe4eef810bb8ffc1fae5b19c1,shatest,crypto/bn/bn_exp.c,0.0351,0.0241,2389431,3.0408
openssl,bc38a7d2d3c6082163c50ddf99464736110f2000,srptest,0.5217,0.4050,98545507,1.2309,708dc2f1291e104fe4eef810bb8ffc1fae5b19c1,srptest,crypto/bn/bn_exp.c,0.4792,0.3701,91789435,1.2010
openssl,bc38a7d2d3c6082163c50ddf99464736110f2000,ssltest,0,0,0,0,708dc2f1291e104fe4eef810bb8ffc1fae5b19c1,ssltest,crypto/bn/bn_exp.c,0,0,0,0
openssl,bc38a7d2d3c6082163c50ddf99464736110f2000,sslv2conftest,0.0294,0.0209,2116713,1.5864,708dc2f1291e104fe4eef810bb8ffc1fae5b19c1,sslv2conftest,crypto/bn/bn_exp.c,0.0269,0.0183,1544736,1.5973
openssl,bc38a7d2d3c6082163c50ddf99464736110f2000,v3nametest,0.5708,0.4496,107039772,2.9940,708dc2f1291e104fe4eef810bb8ffc1fae5b19c1,v3nametest,crypto/bn/bn_exp.c,0.5156,0.4004,97228355,3.1797
openssl,bc38a7d2d3c6082163c50ddf99464736110f2000,verify_extra_test,0,0,0,0,708dc2f1291e104fe4eef810bb8ffc1fae5b19c1,verify_extra_test,crypto/bn/bn_exp.c,0,0,0,0
openssl,d81a1600588b726c2bdccda7efad3cc7a87d6245,bntest,14.8033,11.4767,3477513146,2.2783,878e2c5b13010329c203f309ed0c8f2113f85648,bntest,crypto/dh/dh_check.c,15.9533,12.5733,3654257435,2.2267
openssl,d81a1600588b726c2bdccda7efad3cc7a87d6245,clienthellotest,0.0271,0.0182,1419773,1.6019,878e2c5b13010329c203f309ed0c8f2113f85648,clienthellotest,crypto/dh/dh_check.c,0.0312,0.0213,1828978,1.6063
openssl,d81a1600588b726c2bdccda7efad3cc7a87d6245,dhtest,0.6515,0.5105,135797668,1.2585,878e2c5b13010329c203f309ed0c8f2113f85648,dhtest,crypto/dh/dh_check.c,1.3139,1.0331,274087027,1.2225
openssl,d81a1600588b726c2bdccda7efad3cc7a87d6245,dsatest,1.5470,1.1985,349132911,1.1791,878e2c5b13010329c203f309ed0c8f2113f85648,dsatest,crypto/dh/dh_check.c,1.6004,1.2448,353226368,1.1688
openssl,d81a1600588b726c2bdccda7efad3cc7a87d6245,ecdhtest,4.0540,3.1310,939225921,2.6956,878e2c5b13010329c203f309ed0c8f2113f85648,ecdhtest,crypto/dh/dh_check.c,4.2790,3.3490,965815368,2.6628
openssl,d81a1600588b726c2bdccda7efad3cc7a87d6245,ecdsatest,30.4600,23.2550,6978794627,2.6844,878e2c5b13010329c203f309ed0c8f2113f85648,ecdsatest,crypto/dh/dh_check.c,28.9950,22.6200,6752272574,2.7571
openssl,d81a1600588b726c2bdccda7efad3cc7a87d6245,ectest,33.8950,25.9400,7924960174,3.0642,878e2c5b13010329c203f309ed0c8f2113f85648,ectest,crypto/dh/dh_check.c,30.2200,23.2650,7121913244,3.2793
openssl,d81a1600588b726c2bdccda7efad3cc7a87d6245,enginetest,0.0815,0.0603,9351444,1.6520,878e2c5b13010329c203f309ed0c8f2113f85648,enginetest,crypto/dh/dh_check.c,0.0594,0.0409,4217157,2.0632
openssl,d81a1600588b726c2bdccda7efad3cc7a87d6245,evp_extra_test,0.1397,0.1023,17865495,1.4202,878e2c5b13010329c203f309ed0c8f2113f85648,evp_extra_test,crypto/dh/dh_check.c,0.1108,0.0799,13381600,1.5086
openssl,d81a1600588b726c2bdccda7efad3cc7a87d6245,evp_test,0,0,0,0,878e2c5b13010329c203f309ed0c8f2113f85648,evp_test,crypto/dh/dh_check.c,0,0,0,0
openssl,d81a1600588b726c2bdccda7efad3cc7a87d6245,exptest,14.5700,11.5725,3412246364,1.3196,878e2c5b13010329c203f309ed0c8f2113f85648,exptest,crypto/dh/dh_check.c,11.6925,9.1325,2624389785,1.3316
openssl,d81a1600588b726c2bdccda7efad3cc7a87d6245,hmactest,0.0064,0.0043,176320,1.0181,878e2c5b13010329c203f309ed0c8f2113f85648,hmactest,crypto/dh/dh_check.c,0.0073,0.0051,373003,0.9646
openssl,d81a1600588b726c2bdccda7efad3cc7a87d6245,igetest,0.0211,0.0144,811169,3.0876,878e2c5b13010329c203f309ed0c8f2113f85648,igetest,crypto/dh/dh_check.c,0.0245,0.0170,1344286,2.3982
openssl,d81a1600588b726c2bdccda7efad3cc7a87d6245,md4test,0.0057,0.0038,132960,0.8584,878e2c5b13010329c203f309ed0c8f2113f85648,md4test,crypto/dh/dh_check.c,0.0058,0.0038,188529,0.9967
openssl,d81a1600588b726c2bdccda7efad3cc7a87d6245,md5test,0.0056,0.0038,149673,1.0585,878e2c5b13010329c203f309ed0c8f2113f85648,md5test,crypto/dh/dh_check.c,0.0056,0.0038,139611,1.0130
openssl,d81a1600588b726c2bdccda7efad3cc7a87d6245,mdc2test,0.0067,0.0048,453353,1.0597,878e2c5b13010329c203f309ed0c8f2113f85648,mdc2test,crypto/dh/dh_check.c,0.0073,0.0053,569532,1.1870
openssl,d81a1600588b726c2bdccda7efad3cc7a87d6245,randtest,0.0133,0.0095,961551,1.2511,878e2c5b13010329c203f309ed0c8f2113f85648,randtest,crypto/dh/dh_check.c,0.0127,0.0091,889614,1.2064
openssl,d81a1600588b726c2bdccda7efad3cc7a87d6245,rmdtest,0.0060,0.0040,205040,0.6990,878e2c5b13010329c203f309ed0c8f2113f85648,rmdtest,crypto/dh/dh_check.c,0.0061,0.0041,217633,0.9621
openssl,d81a1600588b726c2bdccda7efad3cc7a87d6245,rsa_test,35.2850,28.1700,8180169053,1.2078,878e2c5b13010329c203f309ed0c8f2113f85648,rsa_test,crypto/dh/dh_check.c,29.2150,22.8250,6696652029,1.1688
openssl,d81a1600588b726c2bdccda7efad3cc7a87d6245,sha1test,0.0341,0.0231,1973636,3.2724,878e2c5b13010329c203f309ed0c8f2113f85648,sha1test,crypto/dh/dh_check.c,0.0404,0.0285,3208853,2.6807
openssl,d81a1600588b726c2bdccda7efad3cc7a87d6245,shatest,0.0349,0.0237,2136210,2.9227,878e2c5b13010329c203f309ed0c8f2113f85648,shatest,crypto/dh/dh_check.c,0.0405,0.0281,3099997,2.5527
openssl,d81a1600588b726c2bdccda7efad3cc7a87d6245,srptest,0.4698,0.3681,96858809,1.1904,878e2c5b13010329c203f309ed0c8f2113f85648,srptest,crypto/dh/dh_check.c,0.4991,0.3908,100577836,1.1829
openssl,d81a1600588b726c2bdccda7efad3cc7a87d6245,ssltest,0,0,0,0,878e2c5b13010329c203f309ed0c8f2113f85648,ssltest,crypto/dh/dh_check.c,0,0,0,0
openssl,d81a1600588b726c2bdccda7efad3cc7a87d6245,v3nametest,0.5181,0.3918,97285108,3.1469,878e2c5b13010329c203f309ed0c8f2113f85648,v3nametest,crypto/dh/dh_check.c,0.5247,0.4088,100631796,3.0711
openssl,d81a1600588b726c2bdccda7efad3cc7a87d6245,verify_extra_test,0,0,0,0,878e2c5b13010329c203f309ed0c8f2113f85648,verify_extra_test,crypto/dh/dh_check.c,0,0,0,0
openssl,f1f4fbde2ad48bd6cd61c2d054c4efcd9dcc73e6,heartbeat_test,0.0249,0.0170,1348388,1.6834,1632ef744872edc2aa2a53d487d3e79c965a4ad3,heartbeat_test,ssl/d1_both.c,0.0277,0.0193,1736055,1.6565
openssl,f1f4fbde2ad48bd6cd61c2d054c4efcd9dcc73e6,ssltest,0,0,0,0,1632ef744872edc2aa2a53d487d3e79c965a4ad3,ssltest,ssl/d1_both.c,0,0,0,0
openssl,3665fa25436f55f9ed401ae92c2f3862fb10d952,clienthellotest,0.0374,0.0269,3185503,1.9289,d81a1600588b726c2bdccda7efad3cc7a87d6245,clienthellotest,ssl/s2_srvr.c,0.0280,0.0190,1539266,1.7165
openssl,3665fa25436f55f9ed401ae92c2f3862fb10d952,ssltest,0,0,0,0,d81a1600588b726c2bdccda7efad3cc7a87d6245,ssltest,ssl/s2_srvr.c,0,0,0,0
openssl,d1a64149b061172d120559aea289498ec680b497,bad_dtls_test,0.0427,0.0290,2649406,1.9794,349a41da1ad88ad87825414752a8ff5fdd6a6c3f,bad_dtls_test,crypto/rsa/rsa_gen.c,0.0442,0.0299,2534804,1.6932
openssl,d1a64149b061172d120559aea289498ec680b497,bntest,14.2050,10.9625,3221215112,2.2755,349a41da1ad88ad87825414752a8ff5fdd6a6c3f,bntest,crypto/rsa/rsa_gen.c,13.6000,10.6400,3196827451,2.2825
openssl,d1a64149b061172d120559aea289498ec680b497,clienthellotest,0.0267,0.0183,1412260,1.6866,349a41da1ad88ad87825414752a8ff5fdd6a6c3f,clienthellotest,crypto/rsa/rsa_gen.c,0.0549,0.0441,9426457,1.7399
openssl,d1a64149b061172d120559aea289498ec680b497,dhtest,1.5633,1.2385,332604796,1.2268,349a41da1ad88ad87825414752a8ff5fdd6a6c3f,dhtest,crypto/rsa/rsa_gen.c,1.6048,1.2348,335890648,1.2246
openssl,d1a64149b061172d120559aea289498ec680b497,dsatest,1.6178,1.2633,337226139,1.1518,349a41da1ad88ad87825414752a8ff5fdd6a6c3f,dsatest,crypto/rsa/rsa_gen.c,1.5622,1.2111,344476894,1.1581
openssl,d1a64149b061172d120559aea289498ec680b497,dtlstest,0,0,0,0,349a41da1ad88ad87825414752a8ff5fdd6a6c3f,dtlstest,crypto/rsa/rsa_gen.c,0,0,0,0
openssl,d1a64149b061172d120559aea289498ec680b497,ecdhtest,4.4070,3.4700,968957494,2.6433,349a41da1ad88ad87825414752a8ff5fdd6a6c3f,ecdhtest,crypto/rsa/rsa_gen.c,4.3490,3.3510,983734810,2.6326
openssl,d1a64149b061172d120559aea289498ec680b497,ecdsatest,30.1450,23.2050,6855191455,2.7496,349a41da1ad88ad87825414752a8ff5fdd6a6c3f,ecdsatest,crypto/rsa/rsa_gen.c,28.6700,21.5700,6775786986,2.7816
openssl,d1a64149b061172d120559aea289498ec680b497,ectest,28.8850,21.9150,6954283316,3.3704,349a41da1ad88ad87825414752a8ff5fdd6a6c3f,ectest,crypto/rsa/rsa_gen.c,28.9900,22.0950,7034136609,3.3432
openssl,d1a64149b061172d120559aea289498ec680b497,enginetest,0.0631,0.0441,5108145,2.0078,349a41da1ad88ad87825414752a8ff5fdd6a6c3f,enginetest,crypto/rsa/rsa_gen.c,0.0681,0.0478,5496116,1.9251
openssl,d1a64149b061172d120559aea289498ec680b497,evp_extra_test,0.1246,0.0940,20124024,1.5644,349a41da1ad88ad87825414752a8ff5fdd6a6c3f,evp_extra_test,crypto/rsa/rsa_gen.c,0.1230,0.0935,21429431,1.5819
openssl,d1a64149b061172d120559aea289498ec680b497,evp_test,0,0,0,0,349a41da1ad88ad87825414752a8ff5fdd6a6c3f,evp_test,crypto/rsa/rsa_gen.c,0,0,0,0
openssl,d1a64149b061172d120559aea289498ec680b497,exptest,11.8020,9.2280,2638965015,1.3681,349a41da1ad88ad87825414752a8ff5fdd6a6c3f,exptest,crypto/rsa/rsa_gen.c,11.5250,8.8750,2581935535,1.3824
openssl,d1a64149b061172d120559aea289498ec680b497,fatalerrtest,0,0,0,0,349a41da1ad88ad87825414752a8ff5fdd6a6c3f,fatalerrtest,crypto/rsa/rsa_gen.c,0,0,0,0
openssl,d1a64149b061172d120559aea289498ec680b497,hmactest,0.0062,0.0041,173395,0.6661,349a41da1ad88ad87825414752a8ff5fdd6a6c3f,hmactest,crypto/rsa/rsa_gen.c,0.0073,0.0050,322283,0.8225
openssl,d1a64149b061172d120559aea289498ec680b497,igetest,0.0225,0.0152,916812,2.7770,349a41da1ad88ad87825414752a8ff5fdd6a6c3f,igetest,crypto/rsa/rsa_gen.c,0.0242,0.0165,1225763,2.3755
openssl,d1a64149b061172d120559aea289498ec680b497,md4test,0.0062,0.0042,226517,0.6867,349a41da1ad88ad87825414752a8ff5fdd6a6c3f,md4test,crypto/rsa/rsa_gen.c,0.0067,0.0046,322176,0.7474
openssl,d1a64149b061172d120559aea289498ec680b497,md5test,0.0053,0.0035,143265,1.2057,349a41da1ad88ad87825414752a8ff5fdd6a6c3f,md5test,crypto/rsa/rsa_gen.c,0.0061,0.0041,150480,0.8383
openssl,d1a64149b061172d120559aea289498ec680b497,mdc2test,0.0057,0.0039,176853,1.0811,349a41da1ad88ad87825414752a8ff5fdd6a6c3f,mdc2test,crypto/rsa/rsa_gen.c,0.0056,0.0038,155760,0.9850
openssl,d1a64149b061172d120559aea289498ec680b497,randtest,0.0100,0.0068,308369,1.1812,349a41da1ad88ad87825414752a8ff5fdd6a6c3f,randtest,crypto/rsa/rsa_gen.c,0.0106,0.0070,347740,1.0681
openssl,d1a64149b061172d120559aea289498ec680b497,rmdtest,0.0068,0.0048,318044,1.3202,349a41da1ad88ad87825414752a8ff5fdd6a6c3f,rmdtest,crypto/rsa/rsa_gen.c,0.0065,0.0044,266397,0.9625
openssl,d1a64149b061172d120559aea289498ec680b497,rsa_test,28.3650,22.0800,6604192049,1.2383,349a41da1ad88ad87825414752a8ff5fdd6a6c3f,rsa_test,crypto/rsa/rsa_gen.c,29.0800,22.9000,6596647792,1.2409
openssl,d1a64149b061172d120559aea289498ec680b497,sha1test,0.0345,0.0233,2025457,3.2339,349a41da1ad88ad87825414752a8ff5fdd6a6c3f,sha1test,crypto/rsa/rsa_gen.c,0.0465,0.0335,3617013,2.5584
openssl,d1a64149b061172d120559aea289498ec680b497,shatest,0.0343,0.0234,2132108,3.1361,349a41da1ad88ad87825414752a8ff5fdd6a6c3f,shatest,crypto/rsa/rsa_gen.c,0.0351,0.0236,2139545,2.9989
openssl,d1a64149b061172d120559aea289498ec680b497,srptest,0.4682,0.3647,92095243,1.1986,349a41da1ad88ad87825414752a8ff5fdd6a6c3f,srptest,crypto/rsa/rsa_gen.c,0.5790,0.4610,126179333,1.3355
openssl,d1a64149b061172d120559aea289498ec680b497,ssltest,0,0,0,0,349a41da1ad88ad87825414752a8ff5fdd6a6c3f,ssltest,crypto/rsa/rsa_gen.c,0,0,0,0
openssl,d1a64149b061172d120559aea289498ec680b497,sslv2conftest,0.0250,0.0171,1142758,1.7874,349a41da1ad88ad87825414752a8ff5fdd6a6c3f,sslv2conftest,crypto/rsa/rsa_gen.c,0.0269,0.0183,1262594,1.6760
openssl,d1a64149b061172d120559aea289498ec680b497,v3nametest,0.4906,0.3811,97413379,3.2230,349a41da1ad88ad87825414752a8ff5fdd6a6c3f,v3nametest,crypto/rsa/rsa_gen.c,0.5522,0.4239,99232996,2.9991
openssl,d1a64149b061172d120559aea289498ec680b497,verify_extra_test,0,0,0,0,349a41da1ad88ad87825414752a8ff5fdd6a6c3f,verify_extra_test,crypto/rsa/rsa_gen.c,0,0,0,0
openssl,896e8c5713b50ff2ef1478d5c6709874ce57cf05,60-test_x509_time,0,0,0,0,43e6a58d4991a451daf4891ff05a48735df871ac,60-test_x509_time,crypto/dsa/dsa_ossl.c,0,0,0,0
openssl,bd45a8d1ef338027e6892a7c886a373a4fafbf7d,60-test_x509_time,0,0,0,0,3984ef0b72831da8b3ece4745cac4f8575b19098,60-test_x509_time,crypto/dh/dh_key.c,0,0,0,0
